"","text","favorited","favoriteCount","replyToSN","created","truncated","replyToSID","id","replyToUID","statusSource","screenName","retweetCount","isRetweet","retweeted","longitude","latitude"
"1","Awesome! Don't #trade with #America! Let their #economy implode! 

#uspolitics #Trump #tariffs #sanctions #eu… https://t.co/x2X8HIpLaD",FALSE,0,NA,2018-12-28 01:21:00,TRUE,NA,"1078460777441517568",NA,"<a href=""https://buffer.com"" rel=""nofollow"">Buffer</a>","chrisoldcorn",0,FALSE,FALSE,NA,NA
"2","you say that like it would be a bad thing......:)
but seriously, even if you are pro #brexit surely staying in the… https://t.co/zAEJ4kZGT9",FALSE,0,NA,2018-12-27 20:45:34,TRUE,NA,"1078391459391463427",NA,"<a href=""http://twitter.com"" rel=""nofollow"">Twitter Web Client</a>","KirsteinRummery",0,FALSE,FALSE,NA,NA
"3","RT @anto_schiavo: [Data Thursday] @atomico in partnership with @SlushHQ and @Orrick released the most comprehensive data-driven analysis on…",FALSE,0,NA,2018-12-27 20:15:48,FALSE,NA,"1078383968871956481",NA,"<a href=""http://twitter.com/download/iphone"" rel=""nofollow"">Twitter for iPhone</a>","Explo_ai",1,TRUE,FALSE,NA,NA
"4","RT @DalbidEU: @Doozy_45 @gavindjharper So, no chance of #WA agreement approval in the Commons. Widespread rejection of a #NoDeal. #Norway #…",FALSE,0,NA,2018-12-27 20:03:39,FALSE,NA,"1078380913279537153",NA,"<a href=""http://twitter.com/download/android"" rel=""nofollow"">Twitter for Android</a>","Doozy_45",3,TRUE,FALSE,NA,NA
"5","@Doozy_45 @gavindjharper So, no chance of #WA agreement approval in the Commons. Widespread rejection of a #NoDeal.… https://t.co/yQBsX61jkH",FALSE,2,"Doozy_45",2018-12-27 19:45:44,TRUE,"1077275469974773762","1078376404595736578","863377035661647877","<a href=""http://twitter.com"" rel=""nofollow"">Twitter Web Client</a>","DalbidEU",3,FALSE,FALSE,NA,NA
"6","#research #economy #eu #europeancommission #eurozone #euro #gdp #economicoutlook #economicgrowth… https://t.co/QjIQz6F1Um",FALSE,1,NA,2018-12-27 19:28:35,TRUE,NA,"1078372087209676801",NA,"<a href=""http://www.linkedin.com/"" rel=""nofollow"">LinkedIn</a>","martijnoostveen",0,FALSE,FALSE,NA,NA
"7","RT @laure_app: Understanding the #Political #Economy of #Economic #Sanctions  &amp; #Pressures in #TheDRCongo #DRC #RDC #TheDRC 
#UN #EU #US #B…",FALSE,0,NA,2018-12-27 17:14:27,FALSE,NA,"1078338330767568896",NA,"<a href=""http://twitter.com/download/android"" rel=""nofollow"">Twitter for Android</a>","lubefu2011",1,TRUE,FALSE,NA,NA
"8","Understanding the #Political #Economy of #Economic #Sanctions  &amp; #Pressures in #TheDRCongo #DRC #RDC #TheDRC 
#UN… https://t.co/wN7yR3SlVj",FALSE,2,NA,2018-12-27 17:07:55,TRUE,NA,"1078336689100197888",NA,"<a href=""http://twitter.com/#!/download/ipad"" rel=""nofollow"">Twitter for iPad</a>","laure_app",1,FALSE,FALSE,NA,NA
"9","If you don't think the world is in some serious trouble - you're not paying attention!

Outside the #EU #Britain fa… https://t.co/EGpsA0AX1u",FALSE,0,NA,2018-12-27 16:42:51,TRUE,NA,"1078330378715160576",NA,"<a href=""http://www.myplume.com/"" rel=""nofollow"">Plume for Android</a>","CaringInfo",0,FALSE,FALSE,NA,NA
"10","RT @MyDashub: Today #EU more https://t.co/ojJ1p7mrvi #to #ecb #https #in #html #2018 #eu_events #how #about #economy #Environment #register…",FALSE,0,NA,2018-12-27 16:16:30,FALSE,NA,"1078323746778370050",NA,"<a href=""http://labnol.com"" rel=""nofollow"">HTMLv2</a>","html_css_bot",1,TRUE,FALSE,NA,NA
"11","Today #EU more https://t.co/ojJ1p7mrvi #to #ecb #https #in #html #2018 #eu_events #how #about #economy #Environment… https://t.co/PBlRP9omR5",FALSE,0,NA,2018-12-27 16:06:05,TRUE,NA,"1078321127603294210",NA,"<a href=""http://www.dashub.info"" rel=""nofollow"">Dashub</a>","MyDashub",1,FALSE,FALSE,NA,NA
"12","German army 'could recruit EU citizens' 
https://t.co/NsyZfZPJC8
#Germany #EU #economy #workers #recruitment… https://t.co/7Em4QjedKX",FALSE,0,NA,2018-12-27 15:39:15,TRUE,NA,"1078314374006157312",NA,"<a href=""http://twitter.com"" rel=""nofollow"">Twitter Web Client</a>","ChuckDalldorf",0,FALSE,FALSE,NA,NA
"13","Sobering statistics on #poverty among #EuropeanUnion #workers - even tho #EU countries are generally much more… https://t.co/PxHVj1GjRR",FALSE,1,NA,2018-12-27 15:35:40,TRUE,NA,"1078313473464025089",NA,"<a href=""http://twitter.com"" rel=""nofollow"">Twitter Web Client</a>","AlanTonelson",0,FALSE,FALSE,NA,NA
"14","Living conditions in Europe - material deprivation and economic strain #EU #Cyprus #economy #stats… https://t.co/h11hvsycqd",FALSE,0,NA,2018-12-27 15:13:44,TRUE,NA,"1078307953244028928",NA,"<a href=""http://publicize.wp.com/"" rel=""nofollow"">WordPress.com</a>","mamchenkov",0,FALSE,FALSE,NA,NA
"15","'#Spain’s influence in the #EU will grow, but with limits'
#Brexit #Economy @oxfordanalytica 
https://t.co/8I2awVB6bE",FALSE,0,NA,2018-12-27 14:58:15,FALSE,NA,"1078304057599713282",NA,"<a href=""http://twitter.com"" rel=""nofollow"">Twitter Web Client</a>","Infabode",0,FALSE,FALSE,NA,NA
"16","RT @BuildSpecifier: Construction bosses worry EU workers won’t return to UK after Christmas: https://t.co/YmIUupbHG0 #construction #eu #bre…",FALSE,0,NA,2018-12-27 14:38:55,FALSE,NA,"1078299189421985793",NA,"<a href=""http://twitter.com/download/android"" rel=""nofollow"">Twitter for Android</a>","TCJ_UK",6,TRUE,FALSE,NA,NA
"17","RT @Paddideh: Iran Regime Destroyed Country’s #Economy Singlehandedly 

https://t.co/gFNvS0GY8h

#Iran #Iranian #Teacher #Law #Court #Lawye…",FALSE,0,NA,2018-12-27 14:14:37,FALSE,NA,"1078293073686339584",NA,"<a href=""http://twitter.com"" rel=""nofollow"">Twitter Web Client</a>","Paddideh",3,TRUE,FALSE,NA,NA
"18","[Data Thursday] @atomico in partnership with @SlushHQ and @Orrick released the most comprehensive data-driven analy… https://t.co/lmZtdQfFCQ",FALSE,1,NA,2018-12-27 12:02:55,TRUE,NA,"1078259933467103232",NA,"<a href=""https://www.postpickr.com"" rel=""nofollow"">PostPickr</a>","anto_schiavo",1,FALSE,FALSE,NA,NA
"19","Nord Stream 2: Construction begins in Finland https://t.co/bMSCDqo0pc #Finland #Nordstream2 #Pipeline #Russia… https://t.co/1S2SSAhKhp",FALSE,0,NA,2018-12-27 11:45:10,TRUE,NA,"1078255466894053377",NA,"<a href=""http://twitter.com"" rel=""nofollow"">Twitter Web Client</a>","AZ_Nordic_News",0,FALSE,FALSE,NA,NA
"20","RT @BuildSpecifier: Construction bosses worry EU workers won’t return to UK after Christmas: https://t.co/YmIUupbHG0 #construction #eu #bre…",FALSE,0,NA,2018-12-27 09:40:42,FALSE,NA,"1078224141214539776",NA,"<a href=""http://www.echofon.com/"" rel=""nofollow"">Echofon</a>","BESSprogramme",6,TRUE,FALSE,NA,NA
"21","RT @BuildSpecifier: Construction bosses worry EU workers won’t return to UK after Christmas: https://t.co/YmIUupbHG0 #construction #eu #bre…",FALSE,0,NA,2018-12-27 09:24:26,FALSE,NA,"1078220047015923713",NA,"<a href=""http://forwardas.one"" rel=""nofollow"">FAO Twitter Bot</a>","FAO_Scotbot",6,TRUE,FALSE,NA,NA
"22","RT @BuildSpecifier: Construction bosses worry EU workers won’t return to UK after Christmas: https://t.co/YmIUupbHG0 #construction #eu #bre…",FALSE,0,NA,2018-12-27 09:21:43,FALSE,NA,"1078219365756096512",NA,"<a href=""http://twitter.com"" rel=""nofollow"">Twitter Web Client</a>","CalcoServices",6,TRUE,FALSE,NA,NA
"23","RT @BuildSpecifier: Construction bosses worry EU workers won’t return to UK after Christmas: https://t.co/YmIUupbHG0 #construction #eu #bre…",FALSE,0,NA,2018-12-27 09:17:22,FALSE,NA,"1078218270115856384",NA,"<a href=""https://about.twitter.com/products/tweetdeck"" rel=""nofollow"">TweetDeck</a>","RandRMag",6,TRUE,FALSE,NA,NA
"24","RT @BuildSpecifier: Construction bosses worry EU workers won’t return to UK after Christmas: https://t.co/YmIUupbHG0 #construction #eu #bre…",FALSE,0,NA,2018-12-27 09:17:19,FALSE,NA,"1078218256454991872",NA,"<a href=""https://about.twitter.com/products/tweetdeck"" rel=""nofollow"">TweetDeck</a>","MMCMag",6,TRUE,FALSE,NA,NA
"25","Construction bosses worry EU workers won’t return to UK after Christmas: https://t.co/YmIUupbHG0 #construction #eu… https://t.co/2WNdsorDmd",FALSE,2,NA,2018-12-27 09:17:13,TRUE,NA,"1078218233147244544",NA,"<a href=""https://about.twitter.com/products/tweetdeck"" rel=""nofollow"">TweetDeck</a>","BuildSpecifier",6,FALSE,FALSE,NA,NA
"26","Thank Trump for #Cheap #Cheese, but #DairyFarmers Are #Hurting https://t.co/yiAXJzlIjT? #Tradedispute #Globaltrade… https://t.co/OgEJHrNGy7",FALSE,0,NA,2018-12-26 19:45:32,TRUE,NA,"1078013964217282560",NA,"<a href=""http://twitter.com"" rel=""nofollow"">Twitter Web Client</a>","hitech_guru",0,FALSE,FALSE,NA,NA
"27","For the past month, economic data in the United States, Japan and the euro zone consistently has failed to meet ana… https://t.co/Qx9pSQcuOR",FALSE,0,NA,2018-12-26 17:41:41,TRUE,NA,"1077982797069922304",NA,"<a href=""http://twitter.com"" rel=""nofollow"">Twitter Web Client</a>","BoilerRoomTweet",0,FALSE,FALSE,NA,NA
"28","RT @elerianm: Good morning.

Insights from game theory on #UK Prime Minister Theresa May's current #Brexit negotiating approach, why a solu…",FALSE,0,NA,2018-12-26 17:07:30,FALSE,NA,"1077974193516544006",NA,"<a href=""http://twitter.com/download/android"" rel=""nofollow"">Twitter for Android</a>","JuanSantosLegu8",13,TRUE,FALSE,NA,NA
"29","RT @weareji: #UK unprepared for #Brexit. World's fastest growing #economy, #India, more so. #Trade talks with #EU dragging for yrs. Govt &amp;…",FALSE,0,NA,2018-12-26 15:38:25,FALSE,NA,"1077951775594795008",NA,"<a href=""http://twitter.com/download/android"" rel=""nofollow"">Twitter for Android</a>","shobhit_kanpur",1,TRUE,FALSE,NA,NA
"30","Three English Channel migrants brought ashore https://t.co/c0I293BGrx
#France #UK #EU #migration #refugees #rescues #politics #economy",FALSE,0,NA,2018-12-26 14:46:53,FALSE,NA,"1077938808388087808",NA,"<a href=""http://twitter.com"" rel=""nofollow"">Twitter Web Client</a>","ChuckDalldorf",0,FALSE,FALSE,NA,NA
"31","RT @WysisW: #Celtics. 
#NBAXmas 
#Ireland 
#Brexit 
#border 
#EU
#Happiness 
#France
#Macron
#economy 
#Sudan_revolts
#Tunisia
#Protests 
#…",FALSE,0,NA,2018-12-26 11:21:57,FALSE,NA,"1077887232332181506",NA,"<a href=""http://interdiscipl.org"" rel=""nofollow"">inter discipl</a>","e_nterdiscipl",1,TRUE,FALSE,NA,NA
"32","#Celtics. 
#NBAXmas 
#Ireland 
#Brexit 
#border 
#EU
#Happiness 
#France
#Macron
#economy 
#Sudan_revolts
#Tunisia… https://t.co/ayzQ7G3Grr",FALSE,2,NA,2018-12-26 11:21:23,TRUE,NA,"1077887093215514624",NA,"<a href=""http://twitter.com/download/android"" rel=""nofollow"">Twitter for Android</a>","WysisW",1,FALSE,FALSE,NA,NA
"33","#WorldEconomy Is Set to Feel the #Delayed #TradeWar Pain in 2019 https://t.co/qG74tPkUnj? #Tradedispute… https://t.co/yG4FVlIL5Z",FALSE,0,NA,2018-12-26 07:05:16,TRUE,NA,"1077822636560855041",NA,"<a href=""http://twitter.com"" rel=""nofollow"">Twitter Web Client</a>","hitech_guru",0,FALSE,FALSE,NA,NA
"34","$!$!  #Trump's frustration with #Mnuchin rising after failed attempt to calm #markets, source says @CNNPolitics… https://t.co/yPT60IGECY",FALSE,0,NA,2018-12-26 03:32:11,TRUE,NA,"1077769013353213953",NA,"<a href=""http://twitter.com"" rel=""nofollow"">Twitter Web Client</a>","MasterMastabah",0,FALSE,FALSE,NA,NA
"35","RT @Paddideh: Iran Regime Destroyed Country’s #Economy Singlehandedly 

https://t.co/gFNvS0GY8h

#Iran #Iranian #Teacher #Law #Court #Lawye…",FALSE,0,NA,2018-12-25 20:39:00,FALSE,NA,"1077665034040295424",NA,"<a href=""http://twitter.com/download/iphone"" rel=""nofollow"">Twitter for iPhone</a>","KavKavnas",3,TRUE,FALSE,NA,NA
"36","RT @Paddideh: Iran Regime Destroyed Country’s #Economy Singlehandedly 

https://t.co/gFNvS0GY8h

#Iran #Iranian #Teacher #Law #Court #Lawye…",FALSE,0,NA,2018-12-25 19:24:22,FALSE,NA,"1077646252505001984",NA,"<a href=""http://twitter.com"" rel=""nofollow"">Twitter Web Client</a>","MAZANDARA",3,TRUE,FALSE,NA,NA
"37","Iran Regime Destroyed Country’s #Economy Singlehandedly 

https://t.co/gFNvS0GY8h

#Iran #Iranian #Teacher #Law… https://t.co/0eVGgfcMS9",FALSE,2,NA,2018-12-25 18:32:16,TRUE,NA,"1077633137142910977",NA,"<a href=""http://twitter.com"" rel=""nofollow"">Twitter Web Client</a>","Paddideh",3,FALSE,FALSE,NA,NA
"38","Britain’s Brexit fixation brings other government work to a halt https://t.co/5Op2Po4nE1 via @BW
#Brexit #UK #EU… https://t.co/tUsPQg27Rw",FALSE,1,NA,2018-12-25 17:47:09,TRUE,NA,"1077621786898919424",NA,"<a href=""http://twitter.com"" rel=""nofollow"">Twitter Web Client</a>","ChuckDalldorf",0,FALSE,FALSE,NA,NA
"39","Three migrant boat rescues in the English Channel https://t.co/KlndaTlpJA
#UK #EU #migration #refugees #rescues… https://t.co/AXF0Nbb2jN",FALSE,0,NA,2018-12-25 16:33:51,TRUE,NA,"1077603340224147456",NA,"<a href=""http://twitter.com"" rel=""nofollow"">Twitter Web Client</a>","ChuckDalldorf",0,FALSE,FALSE,NA,NA
"40","RBS applies for German banking licence ahead of Brexit https://t.co/JllsvCbPwU
#Brexit #UK #EU #Scotland #NI #Wales… https://t.co/SmAOfeNZjh",FALSE,0,NA,2018-12-25 16:32:16,TRUE,NA,"1077602939743625216",NA,"<a href=""http://twitter.com"" rel=""nofollow"">Twitter Web Client</a>","ChuckDalldorf",0,FALSE,FALSE,NA,NA
"41","RT @Kathimerini_Cy: Ε.Ε.: Μεγάλη η έκθεση τραπεζών σε κρατικά ομόλογα #EU #Economy https://t.co/gl8K184PIm https://t.co/sjC9litu47",FALSE,0,NA,2018-12-25 12:12:08,FALSE,NA,"1077537476519124993",NA,"<a href=""http://twitter.com/#!/download/ipad"" rel=""nofollow"">Twitter for iPad</a>","CyprusNews_",2,TRUE,FALSE,NA,NA
"42","RT @Kathimerini_Cy: Ε.Ε.: Μεγάλη η έκθεση τραπεζών σε κρατικά ομόλογα #EU #Economy https://t.co/gl8K184PIm https://t.co/sjC9litu47",FALSE,0,NA,2018-12-25 11:58:23,FALSE,NA,"1077534015857610754",NA,"<a href=""http://twitter.com/#!/download/ipad"" rel=""nofollow"">Twitter for iPad</a>","cyprusfeed",2,TRUE,FALSE,NA,NA
"43","Ε.Ε.: Μεγάλη η έκθεση τραπεζών σε κρατικά ομόλογα #EU #Economy https://t.co/gl8K184PIm https://t.co/sjC9litu47",FALSE,0,NA,2018-12-25 11:17:58,FALSE,NA,"1077523843026243584",NA,"<a href=""http://twitter.com"" rel=""nofollow"">Twitter Web Client</a>","Kathimerini_Cy",2,FALSE,FALSE,NA,NA
"44","RT @elerianm: From the @FT article on how some policymakers in #Europe are again urging ""action on #EU sovereign debt ‘doom loop’.""

The ca…",FALSE,0,NA,2018-12-25 09:20:28,FALSE,NA,"1077494272763392002",NA,"<a href=""http://twitter.com"" rel=""nofollow"">Twitter Web Client</a>","HorseInRain",19,TRUE,FALSE,NA,NA
"45","Enjoy your #Last #Christmas. The #IMF/#UN intend to Reset the #Global #Economy in 2019 for #Cryptocurrency by backi… https://t.co/TiW39UqaId",FALSE,1,"PrecariatCanada",2018-12-25 09:09:31,TRUE,"1077486114670370816","1077491518011834368","1045741610745704449","<a href=""http://twitter.com"" rel=""nofollow"">Twitter Web Client</a>","PrecariatCanada",0,FALSE,FALSE,NA,NA
"46","@realdonaldtrump's #tariffs are killing the #economy... Second time now he's bailing out #Farmers w/… https://t.co/tzmVi7WU9N",FALSE,0,"realDonaldTrump",2018-12-24 21:09:57,TRUE,NA,"1077310431826333696","25073877","<a href=""http://twitter.com"" rel=""nofollow"">Twitter Web Client</a>","cosmicfirepeace",0,FALSE,FALSE,NA,NA
"47","$!$  #ECONOMICSofTheDay :  #Markets #Stocks #NYSE  #money #Mnuchin  #Treasury #economics #economy #USA #EU #UK https://t.co/wVOQ1kKBwe",FALSE,0,NA,2018-12-24 18:30:55,FALSE,NA,"1077270410205507590",NA,"<a href=""http://twitter.com"" rel=""nofollow"">Twitter Web Client</a>","MasterMastabah",0,FALSE,FALSE,NA,NA
"48","#UK unprepared for #Brexit. World's fastest growing #economy, #India, more so. #Trade talks with #EU dragging for y… https://t.co/AD2eNkpSU2",FALSE,0,NA,2018-12-24 15:56:55,TRUE,NA,"1077231656509947904",NA,"<a href=""http://twitter.com"" rel=""nofollow"">Twitter Web Client</a>","weareji",1,FALSE,FALSE,NA,NA
"49","‘Let’s switch to #euro’: #Russia backs #EU’s bid to shift away from dollar, #economy minister says https://t.co/Fn2DlUjbZb",FALSE,0,NA,2018-12-24 15:55:16,FALSE,NA,"1077231242096136192",NA,"<a href=""http://twitter.com/download/android"" rel=""nofollow"">Twitter for Android</a>","alaksdan",0,FALSE,FALSE,NA,NA
"50","“ It took #Canada seven years to effectively negotiate a #trade agreement with the #EU. That agreement does not com… https://t.co/yswxL1DgH5",FALSE,0,NA,2018-12-24 12:58:25,TRUE,NA,"1077186736915206144",NA,"<a href=""http://twitter.com"" rel=""nofollow"">Twitter Web Client</a>","StineOlsenActor",1,FALSE,FALSE,NA,NA
"51","RT @elerianm: From the @FT article on how some policymakers in #Europe are again urging ""action on #EU sovereign debt ‘doom loop’.""

The ca…",FALSE,0,NA,2018-12-24 11:45:03,FALSE,NA,"1077168273425424384",NA,"<a href=""http://twitter.com/download/android"" rel=""nofollow"">Twitter for Android</a>","IndicesenelMes",19,TRUE,FALSE,NA,NA
"52","With expectation of (widespread) Risks/Uncertainty to #UK/#EU's #Economic/#Trade Scenario, besides (possible) impac… https://t.co/nYf2nFNsCx",FALSE,0,NA,2018-12-24 05:37:34,TRUE,NA,"1077075792125865984",NA,"<a href=""http://twitter.com"" rel=""nofollow"">Twitter Web Client</a>","MuraliAdhitya",0,FALSE,FALSE,NA,NA
"53","Brexit explained: What would a no-deal Brexit mean? https://t.co/RhYirGEY1D #Brexit #EU #economy #finance #trade #2109",FALSE,0,NA,2018-12-24 03:38:10,FALSE,NA,"1077045743272235009",NA,"<a href=""https://www.hootsuite.com"" rel=""nofollow"">Hootsuite Inc.</a>","metroxing",0,FALSE,FALSE,NA,NA
"54","RT @elerianm: From the @FT article on how some policymakers in #Europe are again urging ""action on #EU sovereign debt ‘doom loop’.""

The ca…",FALSE,0,NA,2018-12-24 03:23:19,FALSE,NA,"1077042006008819713",NA,"<a href=""http://twitter.com/download/iphone"" rel=""nofollow"">Twitter for iPhone</a>","painter1rabbit",19,TRUE,FALSE,NA,NA
"55","RT @10WallStreet: Its NOT That #Economy is ""Bad."" Its that #WallStreet Stocks are Way Over-Priced. Asset Bubbles were Used Too Long to Repl…",FALSE,0,NA,2018-12-24 01:28:55,FALSE,NA,"1077013215077388288",NA,"<a href=""http://twitter.com"" rel=""nofollow"">Twitter Web Client</a>","10WallStreet",1,TRUE,FALSE,NA,NA
"56","RT @elerianm: From the @FT article on how some policymakers in #Europe are again urging ""action on #EU sovereign debt ‘doom loop’.""

The ca…",FALSE,0,NA,2018-12-23 23:48:19,FALSE,NA,"1076987899227312128",NA,"<a href=""http://twitter.com"" rel=""nofollow"">Twitter Web Client</a>","24hrTVMazi",19,TRUE,FALSE,NA,NA
"57","Policymakers urge action on #EU sovereign #debt ‘doom loop’. Banks have accrued large stockpiles of their home nati… https://t.co/BpXP4TQdlD",FALSE,0,NA,2018-12-23 22:15:00,TRUE,NA,"1076964415289917442",NA,"<a href=""https://about.twitter.com/products/tweetdeck"" rel=""nofollow"">TweetDeck</a>","carlesdijous",0,FALSE,FALSE,NA,NA
"58","@tictoc I'm surprised by 2 of these:  --Slight PROFIT in #FANG #stocks &amp; --LOSS in #legalpot !!  #FINANCEofTheDay :… https://t.co/R6Wr9KExjM",FALSE,0,"tictoc",2018-12-23 20:44:41,TRUE,"1076915498980425728","1076941687396753408","252751061","<a href=""http://twitter.com"" rel=""nofollow"">Twitter Web Client</a>","MasterMastabah",0,FALSE,FALSE,NA,NA
"59","RT @AusHCCyprus: #Australia's position in the world as a global top 20 trading nation is underpinned by our advocacy for an open global #ec…",FALSE,0,NA,2018-12-23 20:43:09,FALSE,NA,"1076941300723679232",NA,"<a href=""https://mobile.twitter.com"" rel=""nofollow"">Twitter Lite</a>","Qandew",1,TRUE,FALSE,NA,NA
"60","RT @elerianm: From the @FT article on how some policymakers in #Europe are again urging ""action on #EU sovereign debt ‘doom loop’.""

The ca…",FALSE,0,NA,2018-12-23 19:53:24,FALSE,NA,"1076928781141585920",NA,"<a href=""http://twitter.com/download/android"" rel=""nofollow"">Twitter for Android</a>","THEHELPBRIDGE",19,TRUE,FALSE,NA,NA
"61","RT @eraser: el PIB de la india supera a Francia ... [img] The world's $80 trillion economy - in one chart  https://t.co/CL6WwJrwZr @wef #PI…",FALSE,0,NA,2018-12-23 19:21:00,FALSE,NA,"1076920629448847360",NA,"<a href=""https://about.twitter.com/products/tweetdeck"" rel=""nofollow"">TweetDeck</a>","EUSKeraser",8,TRUE,FALSE,NA,NA
"62","#FINANCEofTheDay :  #finance #investing #investments  #investors  #money #economy #markets #USA #EU #UK https://t.co/TyHROPZDVv",FALSE,0,NA,2018-12-23 19:12:00,FALSE,NA,"1076918363056689152",NA,"<a href=""http://twitter.com"" rel=""nofollow"">Twitter Web Client</a>","MasterMastabah",0,FALSE,FALSE,NA,NA
"63","RT @eraser: el PIB de la india supera a Francia ... [img] The world's $80 trillion economy - in one chart  https://t.co/CL6WwJrwZr @wef #PI…",FALSE,0,NA,2018-12-23 18:12:00,FALSE,NA,"1076903261855207424",NA,"<a href=""http://twitter.com"" rel=""nofollow"">Twitter Web Client</a>","bitraka",8,TRUE,FALSE,NA,NA
"64","RT @elerianm: From the @FT article on how some policymakers in #Europe are again urging ""action on #EU sovereign debt ‘doom loop’.""

The ca…",FALSE,0,NA,2018-12-23 17:24:43,FALSE,NA,"1076891364930015233",NA,"<a href=""http://twitter.com/download/iphone"" rel=""nofollow"">Twitter for iPhone</a>","saad_aldossary2",19,TRUE,FALSE,NA,NA
"65","RT @eraser: el PIB de la india supera a Francia ... [img] The world's $80 trillion economy - in one chart  https://t.co/CL6WwJrwZr @wef #PI…",FALSE,0,NA,2018-12-23 17:16:45,FALSE,NA,"1076889360350486531",NA,"<a href=""http://twitter.com"" rel=""nofollow"">Twitter Web Client</a>","bitiji",8,TRUE,FALSE,NA,NA
"66","RT @eraser: el PIB de la india supera a Francia ... [img] The world's $80 trillion economy - in one chart  https://t.co/CL6WwJrwZr @wef #PI…",FALSE,0,NA,2018-12-23 17:06:14,FALSE,NA,"1076886713044213761",NA,"<a href=""http://twitter.com"" rel=""nofollow"">Twitter Web Client</a>","bazarlocos2",8,TRUE,FALSE,NA,NA
"67","RT @elerianm: From the @FT article on how some policymakers in #Europe are again urging ""action on #EU sovereign debt ‘doom loop’.""

The ca…",FALSE,0,NA,2018-12-23 17:00:36,FALSE,NA,"1076885293796474881",NA,"<a href=""http://twitter.com"" rel=""nofollow"">Twitter Web Client</a>","CJOLars",19,TRUE,FALSE,NA,NA
"68","RT @eraser: el PIB de la india supera a Francia ... [img] The world's $80 trillion economy - in one chart  https://t.co/CL6WwJrwZr @wef #PI…",FALSE,0,NA,2018-12-23 16:41:40,FALSE,NA,"1076880531038617601",NA,"<a href=""http://twitter.com"" rel=""nofollow"">Twitter Web Client</a>","bazarlocos",8,TRUE,FALSE,NA,NA
"69","RT @elerianm: From the @FT article on how some policymakers in #Europe are again urging ""action on #EU sovereign debt ‘doom loop’.""

The ca…",FALSE,0,NA,2018-12-23 16:40:03,FALSE,NA,"1076880124300152837",NA,"<a href=""http://twitter.com/download/android"" rel=""nofollow"">Twitter for Android</a>","Nyte7",19,TRUE,FALSE,NA,NA
"70","RT @elerianm: From the @FT article on how some policymakers in #Europe are again urging ""action on #EU sovereign debt ‘doom loop’.""

The ca…",FALSE,0,NA,2018-12-23 16:39:21,FALSE,NA,"1076879946453319690",NA,"<a href=""http://twitter.com/download/iphone"" rel=""nofollow"">Twitter for iPhone</a>","milkwee13835863",19,TRUE,FALSE,NA,NA
"71","Does the EU need us more than we need them? https://t.co/HYrLjC33J3
#Brexit #UK #EU #Scotland #NI #Wales #England… https://t.co/wlfo4lVQrc",FALSE,0,NA,2018-12-23 16:31:06,TRUE,NA,"1076877870553657344",NA,"<a href=""http://twitter.com"" rel=""nofollow"">Twitter Web Client</a>","ChuckDalldorf",0,FALSE,FALSE,NA,NA
"72","What journalists for the foreign press make of Brexit? https://t.co/9d24ssqNSD
#Brexit #UK #EU #Scotland #NI #Wales… https://t.co/A8jBSIEmod",FALSE,0,NA,2018-12-23 16:25:06,TRUE,NA,"1076876359765356544",NA,"<a href=""http://twitter.com"" rel=""nofollow"">Twitter Web Client</a>","ChuckDalldorf",0,FALSE,FALSE,NA,NA
"73","RT @elerianm: From the @FT article on how some policymakers in #Europe are again urging ""action on #EU sovereign debt ‘doom loop’.""

The ca…",FALSE,0,NA,2018-12-23 16:07:01,FALSE,NA,"1076871810363228160",NA,"<a href=""http://twitter.com/download/android"" rel=""nofollow"">Twitter for Android</a>","GPEpmx",19,TRUE,FALSE,NA,NA
"74","RT @eraser: el PIB de la india supera a Francia ... [img] The world's $80 trillion economy - in one chart  https://t.co/CL6WwJrwZr @wef #PI…",FALSE,0,NA,2018-12-23 15:46:11,FALSE,NA,"1076866569114931202",NA,"<a href=""https://about.twitter.com/products/tweetdeck"" rel=""nofollow"">TweetDeck</a>","toreandopajaros",8,TRUE,FALSE,NA,NA
"75","RT @eraser: el PIB de la india supera a Francia ... [img] The world's $80 trillion economy - in one chart  https://t.co/CL6WwJrwZr @wef #PI…",FALSE,0,NA,2018-12-23 15:36:09,FALSE,NA,"1076864041958690818",NA,"<a href=""https://about.twitter.com/products/tweetdeck"" rel=""nofollow"">TweetDeck</a>","UTSAnoNIna",8,TRUE,FALSE,NA,NA
"76","RT @eraser: el PIB de la india supera a Francia ... [img] The world's $80 trillion economy - in one chart  https://t.co/CL6WwJrwZr @wef #PI…",FALSE,0,NA,2018-12-23 15:27:31,FALSE,NA,"1076861869028196352",NA,"<a href=""http://twitter.com/download/iphone"" rel=""nofollow"">Twitter for iPhone</a>","mekanik",8,TRUE,FALSE,NA,NA
"77","el PIB de la india supera a Francia ... [img] The world's $80 trillion economy - in one chart… https://t.co/pTXdQwNtax",FALSE,7,NA,2018-12-23 15:26:17,TRUE,NA,"1076861559618576384",NA,"<a href=""https://www.hootsuite.com"" rel=""nofollow"">Hootsuite Inc.</a>","eraser",8,FALSE,FALSE,NA,NA
"78","RT @elerianm: From the @FT article on how some policymakers in #Europe are again urging ""action on #EU sovereign debt ‘doom loop’.""

The ca…",FALSE,0,NA,2018-12-23 15:10:14,FALSE,NA,"1076857521971679233",NA,"<a href=""http://twitter.com"" rel=""nofollow"">Twitter Web Client</a>","MI_Investments",19,TRUE,FALSE,NA,NA
"79","RT @elerianm: From the @FT article on how some policymakers in #Europe are again urging ""action on #EU sovereign debt ‘doom loop’.""

The ca…",FALSE,0,NA,2018-12-23 14:56:43,FALSE,NA,"1076854117518229505",NA,"<a href=""http://twitter.com/download/iphone"" rel=""nofollow"">Twitter for iPhone</a>","rededdy56",19,TRUE,FALSE,NA,NA
"80","RT @elerianm: From the @FT article on how some policymakers in #Europe are again urging ""action on #EU sovereign debt ‘doom loop’.""

The ca…",FALSE,0,NA,2018-12-23 14:33:10,FALSE,NA,"1076848191159652353",NA,"<a href=""http://twitter.com/download/android"" rel=""nofollow"">Twitter for Android</a>","gaddijg",19,TRUE,FALSE,NA,NA
"81","RT @elerianm: From the @FT article on how some policymakers in #Europe are again urging ""action on #EU sovereign debt ‘doom loop’.""

The ca…",FALSE,0,NA,2018-12-23 14:32:35,FALSE,NA,"1076848043876642816",NA,"<a href=""http://twitter.com"" rel=""nofollow"">Twitter Web Client</a>","Facts_n_Facts",19,TRUE,FALSE,NA,NA
"82","RT @elerianm: From the @FT article on how some policymakers in #Europe are again urging ""action on #EU sovereign debt ‘doom loop’.""

The ca…",FALSE,0,NA,2018-12-23 14:32:21,FALSE,NA,"1076847984447377409",NA,"<a href=""http://twitter.com"" rel=""nofollow"">Twitter Web Client</a>","FabioGhironi",19,TRUE,FALSE,NA,NA
"83","RT @elerianm: From the @FT article on how some policymakers in #Europe are again urging ""action on #EU sovereign debt ‘doom loop’.""

The ca…",FALSE,0,NA,2018-12-23 14:29:07,FALSE,NA,"1076847173176881155",NA,"<a href=""http://twitter.com/download/iphone"" rel=""nofollow"">Twitter for iPhone</a>","MiguelGilTertre",19,TRUE,FALSE,NA,NA
"84","RT @elerianm: From the @FT article on how some policymakers in #Europe are again urging ""action on #EU sovereign debt ‘doom loop’.""

The ca…",FALSE,0,NA,2018-12-23 14:28:53,FALSE,NA,"1076847113982697472",NA,"<a href=""http://twitter.com/download/android"" rel=""nofollow"">Twitter for Android</a>","JohnRoss45",19,TRUE,FALSE,NA,NA
"85","RT @elerianm: From the @FT article on how some policymakers in #Europe are again urging ""action on #EU sovereign debt ‘doom loop’.""

The ca…",FALSE,0,NA,2018-12-23 14:28:38,FALSE,NA,"1076847049344278529",NA,"<a href=""http://twitter.com/download/android"" rel=""nofollow"">Twitter for Android</a>","DrRafiqRaji",19,TRUE,FALSE,NA,NA
"86","From the @FT article on how some policymakers in #Europe are again urging ""action on #EU sovereign debt ‘doom loop’… https://t.co/VB0oVBAeIy",FALSE,33,NA,2018-12-23 14:24:48,TRUE,NA,"1076846086910763008",NA,"<a href=""https://about.twitter.com/products/tweetdeck"" rel=""nofollow"">TweetDeck</a>","elerianm",19,FALSE,FALSE,NA,NA
"87","Its NOT That #Economy is ""Bad."" Its that #WallStreet Stocks are Way Over-Priced. Asset Bubbles were Used Too Long t… https://t.co/KKTOXJ4ILb",FALSE,1,NA,2018-12-23 12:37:47,TRUE,NA,"1076819154559270918",NA,"<a href=""http://twitter.com"" rel=""nofollow"">Twitter Web Client</a>","10WallStreet",1,FALSE,FALSE,NA,NA
"88","Does the #EU need us more than we need them?
https://t.co/frM7yOp1fH #brexit #uk #economy #trade https://t.co/D8I4XFEPb1",FALSE,0,NA,2018-12-23 10:42:44,FALSE,NA,"1076790200020291584",NA,"<a href=""http://www.linkedin.com/"" rel=""nofollow"">LinkedIn</a>","Maistora",0,FALSE,FALSE,NA,NA
"89","Overestimating the EU Economy by Mohamed A. El-Erian @ProSyn https://t.co/RN3EcIeDb0 #EU #economy",FALSE,0,NA,2018-12-23 09:47:40,FALSE,NA,"1076776342765649920",NA,"<a href=""http://twitter.com"" rel=""nofollow"">Twitter Web Client</a>","aponsser",0,FALSE,FALSE,NA,NA
"90","#Corbyn #StateAid #economy #EU #neoliberalism: “...quite clearly, if you want to regenerate an economy, as we would… https://t.co/nyTI3B7Z7Q",FALSE,0,NA,2018-12-23 09:42:03,TRUE,NA,"1076774930216304645",NA,"<a href=""http://twitter.com"" rel=""nofollow"">Twitter Web Client</a>","dktatlow",0,FALSE,FALSE,NA,NA
"91","1/Time to ask again: what's the real motivation of #Budapest #protests? #workers rights or their own agenda, #EU… https://t.co/4EXJ87xzwN",FALSE,3,NA,2018-12-23 07:51:09,TRUE,NA,"1076747019367170048",NA,"<a href=""http://twitter.com"" rel=""nofollow"">Twitter Web Client</a>","LizHeflin3",0,FALSE,FALSE,NA,NA
"92","RT @besthealthyou: The retired Ukrainians will not get their #pensions for #January 2019 at the end of December of this year. #Ukraine is h…",FALSE,0,NA,2018-12-23 02:58:00,FALSE,NA,"1076673248803270662",NA,"<a href=""http://twitter.com/download/android"" rel=""nofollow"">Twitter for Android</a>","DonH3347",2,TRUE,FALSE,NA,NA
"93","RT @besthealthyou: The retired Ukrainians will not get their #pensions for #January 2019 at the end of December of this year. #Ukraine is h…",FALSE,0,NA,2018-12-22 23:15:18,FALSE,NA,"1076617201568821248",NA,"<a href=""http://twitter.com"" rel=""nofollow"">Twitter Web Client</a>","BradCabana",2,TRUE,FALSE,NA,NA
"94","The retired Ukrainians will not get their #pensions for #January 2019 at the end of December of this year. #Ukraine… https://t.co/mnmhCox8Ok",FALSE,1,NA,2018-12-22 23:00:48,TRUE,NA,"1076613555984756736",NA,"<a href=""http://twitter.com"" rel=""nofollow"">Twitter Web Client</a>","besthealthyou",2,FALSE,FALSE,NA,NA
"95","!!!  #Trump asking advisers if he can legally FIRE #Fed chief ( #JeromePowell)  @CNNPolitics… https://t.co/1SauDpvqdg",FALSE,0,NA,2018-12-22 20:35:40,TRUE,NA,"1076577031142469635",NA,"<a href=""http://twitter.com"" rel=""nofollow"">Twitter Web Client</a>","MasterMastabah",0,FALSE,FALSE,NA,NA
"96","@Reasons2Remain @PhilipHammondUK So, no chance of #WA agreement approval in the Commons. Widespread rejection of a… https://t.co/BDabbUG3MC",FALSE,0,"Reasons2Remain",2018-12-22 19:20:40,TRUE,"1076225157100986368","1076558155440635915","4056411503","<a href=""http://twitter.com"" rel=""nofollow"">Twitter Web Client</a>","DalbidEU",0,FALSE,FALSE,NA,NA
"97","The Ultimate Very British Problem https://t.co/TwEmt1Chm5
#Brexit #UK #EU #Scotland #NI #Wales #England #Ireland… https://t.co/CIIEwaukfM",FALSE,0,NA,2018-12-22 17:20:30,TRUE,NA,"1076527916605816833",NA,"<a href=""http://twitter.com"" rel=""nofollow"">Twitter Web Client</a>","ChuckDalldorf",0,FALSE,FALSE,NA,NA
"98","Hundreds of migrants face Christmas at sea as Italy closes ports
https://t.co/1bkJKoyrCa 
#Italy #EU #migration… https://t.co/MuhLZ263mh",FALSE,0,NA,2018-12-22 16:56:22,TRUE,NA,"1076521839709409282",NA,"<a href=""http://twitter.com"" rel=""nofollow"">Twitter Web Client</a>","ChuckDalldorf",0,FALSE,FALSE,NA,NA
"99","RT @Paddideh: Iran Regime Destroyed Country’s Economy Singlehandedly 

https://t.co/gFNvS0GY8h

#Iran #Iraq #Arab #Art #NYC #Paris #US #Eco…",FALSE,0,NA,2018-12-22 16:11:01,FALSE,NA,"1076510428514144256",NA,"<a href=""http://twitter.com"" rel=""nofollow"">Twitter Web Client</a>","Paddideh",3,TRUE,FALSE,NA,NA
"100","RT @ProvocativeTV_: The New video is out! ""What will happen after BREXIT?"" London Street Interviews, Provocative TV on YouTube https://t.co…",FALSE,0,NA,2018-12-22 15:55:23,FALSE,NA,"1076506493292290048",NA,"<a href=""https://www.helius.dk/"" rel=""nofollow"">Helius-provideos</a>","ProVideoTips1",1,TRUE,FALSE,NA,NA
"101","The New video is out! ""What will happen after BREXIT?"" London Street Interviews, Provocative TV on YouTube… https://t.co/AzZ2ve9TGN",FALSE,1,NA,2018-12-22 15:55:01,TRUE,NA,"1076506404427612162",NA,"<a href=""http://twitter.com"" rel=""nofollow"">Twitter Web Client</a>","ProvocativeTV_",1,FALSE,FALSE,NA,NA
"102","UK Business investment in worst run since 2009 https://t.co/Uv1LwclPTm
#Brexit #UK #EU #Scotland #NI #Wales… https://t.co/QxPPWQqS0c",FALSE,0,NA,2018-12-22 15:47:53,TRUE,NA,"1076504608422293504",NA,"<a href=""http://twitter.com"" rel=""nofollow"">Twitter Web Client</a>","ChuckDalldorf",0,FALSE,FALSE,NA,NA
"103","Brexit: Remainers criticise Corbyn's pledge to pursue leaving the EU https://t.co/fSrkMMsBxe
#Brexit #UK #EU… https://t.co/sacuyfrbS4",FALSE,0,NA,2018-12-22 15:41:24,TRUE,NA,"1076502977366511616",NA,"<a href=""http://twitter.com"" rel=""nofollow"">Twitter Web Client</a>","ChuckDalldorf",0,FALSE,FALSE,NA,NA
"104","This is real life in UK now. Please read. #StopBrexitSaveBritain #economy #Trader #EU #brexit #Export… https://t.co/RSpG517A0o",FALSE,1,NA,2018-12-22 15:00:38,TRUE,NA,"1076492716828229632",NA,"<a href=""http://twitter.com/download/android"" rel=""nofollow"">Twitter for Android</a>","dgallagher000",0,FALSE,FALSE,NA,NA
"105","RT @jesseouedata: A snapshot of the minimum #wages in Europe - #EU #economy #wealth #GDP 🇪🇺 @kashthefuturist @alvinfoo @DioFavatas @gvalan…",FALSE,0,NA,2018-12-22 12:50:51,FALSE,NA,"1076460055254523904",NA,"<a href=""http://twitter.com"" rel=""nofollow"">Twitter Web Client</a>","futurion3d",4,TRUE,FALSE,NA,NA
"106","RT @fklivestolearn: A snapshot of the minimum #wages in Europe - #EU #economy #wealth #GDP

@kashthefuturist @alvinfoo @DioFavatas @gvalan…",FALSE,0,NA,2018-12-22 12:43:09,FALSE,NA,"1076458116085104641",NA,"<a href=""http://twitter.com/download/android"" rel=""nofollow"">Twitter for Android</a>","junjudapi",4,TRUE,FALSE,NA,NA
"107","RT @jesseouedata: A snapshot of the minimum #wages in Europe - #EU #economy #wealth #GDP 🇪🇺 @kashthefuturist @alvinfoo @DioFavatas @gvalan…",FALSE,0,NA,2018-12-22 12:34:30,FALSE,NA,"1076455941078421504",NA,"<a href=""http://twitter.com/download/android"" rel=""nofollow"">Twitter for Android</a>","junjudapi",4,TRUE,FALSE,NA,NA
"108","RT @lisboncouncil: Watch fascinating interview with @OECD Chief Economist @LauBooneEco on quality of public #finance and inclusive #growth…",FALSE,0,NA,2018-12-22 12:19:53,FALSE,NA,"1076452263818940416",NA,"<a href=""http://twitter.com/download/iphone"" rel=""nofollow"">Twitter for iPhone</a>","caspermeyer2",2,TRUE,FALSE,NA,NA
"109","RT @jesseouedata: A snapshot of the minimum #wages in Europe - #EU #economy #wealth #GDP 🇪🇺 @kashthefuturist @alvinfoo @DioFavatas @gvalan…",FALSE,0,NA,2018-12-22 12:14:33,FALSE,NA,"1076450919942946819",NA,"<a href=""http://twitter.com/download/android"" rel=""nofollow"">Twitter for Android</a>","junjudapi",2,TRUE,FALSE,NA,NA
"110","RT @jesseouedata: A snapshot of the minimum #wages in Europe - #EU #economy #wealth #GDP 🇪🇺 @kashthefuturist @alvinfoo @DioFavatas @gvalan…",FALSE,0,NA,2018-12-22 10:38:15,FALSE,NA,"1076426685556219904",NA,"<a href=""http://twitter.com"" rel=""nofollow"">Twitter Web Client</a>","xiaoyusun0701",4,TRUE,FALSE,NA,NA
"111","RT @lisboncouncil: Watch fascinating interview with @OECD Chief Economist @LauBooneEco on quality of public #finance and inclusive #growth…",FALSE,0,NA,2018-12-22 10:25:27,FALSE,NA,"1076423464616161280",NA,"<a href=""http://twitter.com/download/iphone"" rel=""nofollow"">Twitter for iPhone</a>","CorinneDromer",2,TRUE,FALSE,NA,NA
"112","French Police Are Threatening To Join Protesters, Bemand Better Pay and Conditions https://t.co/yCXt2YJMNO via… https://t.co/Bh5XaF2qIh",FALSE,1,NA,2018-12-22 09:45:43,TRUE,NA,"1076413465172951040",NA,"<a href=""http://twitter.com"" rel=""nofollow"">Twitter Web Client</a>","detous",0,FALSE,FALSE,NA,NA
"113","RT @jesseouedata: A snapshot of the minimum #wages in Europe - #EU #economy #wealth #GDP 🇪🇺 @kashthefuturist @alvinfoo @DioFavatas @gvalan…",FALSE,0,NA,2018-12-22 08:31:00,FALSE,NA,"1076394659885314048",NA,"<a href=""http://twitter.com/download/android"" rel=""nofollow"">Twitter for Android</a>","gvalan",4,TRUE,FALSE,NA,NA
"114","RT @jesseouedata: A snapshot of the minimum #wages in Europe - #EU #economy #wealth #GDP 🇪🇺 @kashthefuturist @alvinfoo @DioFavatas @gvalan…",FALSE,0,NA,2018-12-22 08:24:50,FALSE,NA,"1076393108089331712",NA,"<a href=""http://twitter.com/download/android"" rel=""nofollow"">Twitter for Android</a>","gvalan",2,TRUE,FALSE,NA,NA
"115","A snapshot of the minimum #wages in Europe - #EU #economy #wealth #GDP 🇪🇺 @kashthefuturist @alvinfoo @DioFavatas… https://t.co/0lObjEWeQl",FALSE,2,NA,2018-12-22 07:13:04,TRUE,NA,"1076375047781126144",NA,"<a href=""https://ritekit.com"" rel=""nofollow"">RiteKit</a>","jesseouedata",2,FALSE,FALSE,NA,NA
"116","A snapshot of the minimum #wages in Europe - #EU #economy #wealth #GDP 🇪🇺 @kashthefuturist @alvinfoo @DioFavatas… https://t.co/gLmMaCESbp",FALSE,4,NA,2018-12-22 06:00:04,TRUE,NA,"1076356677576855553",NA,"<a href=""https://buffer.com"" rel=""nofollow"">Buffer</a>","jesseouedata",4,FALSE,FALSE,NA,NA
"117","RT @weareji: #India, world's fastest growing large #economy, will replace #Britain as the 5th largest economy, says #IMF. Even #France will…",FALSE,0,NA,2018-12-22 03:34:23,FALSE,NA,"1076320013923999744",NA,"<a href=""http://twitter.com/download/android"" rel=""nofollow"">Twitter for Android</a>","shobhit_kanpur",1,TRUE,FALSE,NA,NA
"118","RT @fklivestolearn: A snapshot of the minimum #wages in Europe - #EU #economy #wealth #GDP

@kashthefuturist @alvinfoo @DioFavatas @gvalan…",FALSE,0,NA,2018-12-21 22:30:01,FALSE,NA,"1076243420056817664",NA,"<a href=""http://twitter.com"" rel=""nofollow"">Twitter Web Client</a>","JGrobicki",4,TRUE,FALSE,NA,NA
"119","#brexit #teresamay #conservatives #eu #economy https://t.co/5x8ekY3R5E",FALSE,0,NA,2018-12-21 20:57:57,FALSE,NA,"1076220250981613569",NA,"<a href=""http://twitter.com/download/android"" rel=""nofollow"">Twitter for Android</a>","KTokarek",0,FALSE,FALSE,NA,NA
"120","RT @eduarddobre: Love the pic @finimize did for Thursday's #newsletter. 🎅 So #Christmasy! #Italy and the #EuropeanUnion (#EU) ended months…",FALSE,0,NA,2018-12-21 15:46:01,FALSE,NA,"1076141748634693632",NA,"<a href=""http://twitter.com/download/iphone"" rel=""nofollow"">Twitter for iPhone</a>","wholeearthweb",2,TRUE,FALSE,NA,NA
"121","Gatwick chaos 'bodes ill for Brexit' 
https://t.co/P9jjVCFNho via @BBCNews
#Brexit #UK #EU #Scotland #NI #Wales… https://t.co/jVpWeCVfb1",FALSE,0,NA,2018-12-21 15:33:01,TRUE,NA,"1076138478033760257",NA,"<a href=""http://twitter.com"" rel=""nofollow"">Twitter Web Client</a>","ChuckDalldorf",0,FALSE,FALSE,NA,NA
"122","UK government to pay £105,000 over Brexit case https://t.co/H0MUjvdFsM
#Brexit #UK #EU #Scotland #NI #Wales… https://t.co/fGotLlu6vb",FALSE,0,NA,2018-12-21 15:25:42,TRUE,NA,"1076136634838441984",NA,"<a href=""http://twitter.com"" rel=""nofollow"">Twitter Web Client</a>","ChuckDalldorf",0,FALSE,FALSE,NA,NA
"123","Brexit: Risky to up no-deal plans, says shadow NI minister https://t.co/h1HNOdogIk
#Brexit #UK #EU #Scotland #NI… https://t.co/qXeXMGGLuG",FALSE,0,NA,2018-12-21 15:24:37,TRUE,NA,"1076136364159029248",NA,"<a href=""http://twitter.com"" rel=""nofollow"">Twitter Web Client</a>","ChuckDalldorf",0,FALSE,FALSE,NA,NA
"124","Brexit: NI Affairs Committee to open Irish backstop inquiry https://t.co/pk5xooGpZS
#Brexit #UK #EU #Scotland #NI… https://t.co/cgjnu3Ttec",FALSE,0,NA,2018-12-21 15:24:01,TRUE,NA,"1076136212044308480",NA,"<a href=""http://twitter.com"" rel=""nofollow"">Twitter Web Client</a>","ChuckDalldorf",0,FALSE,FALSE,NA,NA
"125","Brexit: NI Civil Service plans for potential 'disruption' https://t.co/fk5hrYBfAc
#Brexit #UK #EU #Scotland #NI… https://t.co/i1RDPmUsfB",FALSE,0,NA,2018-12-21 15:23:23,TRUE,NA,"1076136053386338304",NA,"<a href=""http://twitter.com"" rel=""nofollow"">Twitter Web Client</a>","ChuckDalldorf",0,FALSE,FALSE,NA,NA
"126","Putin: Voters' choices of Trump and Brexit 'disrespected' https://t.co/pbAdxlHIO8
#Russia #US #UK #EU #Brexit… https://t.co/gSJNcHPucj",FALSE,0,NA,2018-12-21 15:22:10,TRUE,NA,"1076135747042762752",NA,"<a href=""http://twitter.com"" rel=""nofollow"">Twitter Web Client</a>","ChuckDalldorf",0,FALSE,FALSE,NA,NA
"127","Brexit: Border not addressed in no-deal plan as backstop only option https://t.co/Zg4GwlyF1a
#Brexit #UK #EU… https://t.co/373N8B6ECY",FALSE,0,NA,2018-12-21 15:17:28,TRUE,NA,"1076134566090366976",NA,"<a href=""http://twitter.com"" rel=""nofollow"">Twitter Web Client</a>","ChuckDalldorf",0,FALSE,FALSE,NA,NA
"128","Andrea Leadsom and Amber Rudd suggest rival Brexit 'Plan Bs' https://t.co/ReqHDOxvMR
#Brexit #UK #EU #Scotland #NI… https://t.co/vChKQPz1i1",FALSE,0,NA,2018-12-21 15:16:26,TRUE,NA,"1076134305632374784",NA,"<a href=""http://twitter.com"" rel=""nofollow"">Twitter Web Client</a>","ChuckDalldorf",0,FALSE,FALSE,NA,NA
"129","Brexit: David Gauke doubts PM would back no-deal https://t.co/sfWTDfB2SX
#Brexit #UK #EU #Scotland #NI #Wales… https://t.co/kWaqhUCVGz",FALSE,0,NA,2018-12-21 15:11:39,TRUE,NA,"1076133101376462848",NA,"<a href=""http://twitter.com"" rel=""nofollow"">Twitter Web Client</a>","ChuckDalldorf",0,FALSE,FALSE,NA,NA
"130","UK car production tumbles in November https://t.co/HPOshgDfSK
#Brexit #UK #EU #Scotland #NI #Wales #England… https://t.co/PJpzzkAYkn",FALSE,0,NA,2018-12-21 15:11:00,TRUE,NA,"1076132937878331392",NA,"<a href=""http://twitter.com"" rel=""nofollow"">Twitter Web Client</a>","ChuckDalldorf",0,FALSE,FALSE,NA,NA
"131","Firms told to prepare for no-deal Brexit 
https://t.co/zoW4gjhFia
#Brexit #UK #EU #Scotland #NI #Wales #England… https://t.co/gc91FUPuXm",FALSE,1,NA,2018-12-21 15:10:25,TRUE,NA,"1076132792419807232",NA,"<a href=""http://twitter.com"" rel=""nofollow"">Twitter Web Client</a>","ChuckDalldorf",0,FALSE,FALSE,NA,NA
"132","RT @lisboncouncil: NEW VIDEO @LauBooneEco chief economist of @OECD on how governments can improve public finance #eurozone #eu #economy htt…",FALSE,0,NA,2018-12-21 11:23:16,FALSE,NA,"1076075624358395904",NA,"<a href=""https://about.twitter.com/products/tweetdeck"" rel=""nofollow"">TweetDeck</a>","MarketElf",3,TRUE,FALSE,NA,NA
"133","RT @lisboncouncil: NEW VIDEO @LauBooneEco chief economist of @OECD on how governments can improve public finance #eurozone #eu #economy htt…",FALSE,0,NA,2018-12-21 11:21:36,FALSE,NA,"1076075206928551936",NA,"<a href=""http://twitter.com/download/iphone"" rel=""nofollow"">Twitter for iPhone</a>","ALeipold",3,TRUE,FALSE,NA,NA
"134","A £9.5 million #EU #investment will help #Wales move towards a low carbon #economy: https://t.co/jt1pPNzvxl https://t.co/nsuN0OCACW",FALSE,0,NA,2018-12-21 10:49:02,FALSE,NA,"1076067011296456704",NA,"<a href=""https://buffer.com"" rel=""nofollow"">Buffer</a>","WalesStartup",0,FALSE,FALSE,NA,NA
"135","RT @eduarddobre: Love the pic @finimize did for Thursday's #newsletter. 🎅 So #Christmasy! #Italy and the #EuropeanUnion (#EU) ended months…",FALSE,0,NA,2018-12-21 10:01:03,FALSE,NA,"1076054937572921345",NA,"<a href=""https://about.twitter.com/products/tweetdeck"" rel=""nofollow"">TweetDeck</a>","finimize",2,TRUE,FALSE,NA,NA
"136","Love the pic @finimize did for Thursday's #newsletter. 🎅 So #Christmasy! #Italy and the #EuropeanUnion (#EU) ended… https://t.co/Rdn714tfBM",FALSE,5,NA,2018-12-21 09:36:06,TRUE,NA,"1076048655822536704",NA,"<a href=""http://twitter.com"" rel=""nofollow"">Twitter Web Client</a>","eduarddobre",2,FALSE,FALSE,NA,NA
"137","Watch fascinating interview with @OECD Chief Economist @LauBooneEco on quality of public #finance and inclusive… https://t.co/OhevxYePhO",FALSE,5,NA,2018-12-21 09:05:30,TRUE,NA,"1076040957844430848",NA,"<a href=""http://twitter.com/download/iphone"" rel=""nofollow"">Twitter for iPhone</a>","lisboncouncil",2,FALSE,FALSE,NA,NA
"138","RT @noikeanolife: The #European countries home to the most #migrants @StatistaCharts https://t.co/adWTRr9SeS #InclusiveGrowth #migration #R…",FALSE,0,NA,2018-12-21 08:56:24,FALSE,NA,"1076038666584117248",NA,"<a href=""http://twitter.com"" rel=""nofollow"">Twitter Web Client</a>","rottamotta",3,TRUE,FALSE,NA,NA
"139","RT @lisboncouncil: NEW VIDEO @LauBooneEco chief economist of @OECD on how governments can improve public finance #eurozone #eu #economy htt…",FALSE,0,NA,2018-12-21 08:52:38,FALSE,NA,"1076037718507950081",NA,"<a href=""https://mobile.twitter.com"" rel=""nofollow"">Twitter Lite</a>","willemien_bax",3,TRUE,FALSE,NA,NA
"140","RT @noikeanolife: The #European countries home to the most #migrants @StatistaCharts https://t.co/adWTRr9SeS #InclusiveGrowth #migration #R…",FALSE,0,NA,2018-12-21 08:46:21,FALSE,NA,"1076036136777146369",NA,"<a href=""http://twitter.com"" rel=""nofollow"">Twitter Web Client</a>","noikeanolife",3,TRUE,FALSE,NA,NA
"141","NEW VIDEO @LauBooneEco chief economist of @OECD on how governments can improve public finance #eurozone #eu #economy https://t.co/Laiv8b80ks",FALSE,2,NA,2018-12-21 08:05:10,FALSE,NA,"1076025774442991616",NA,"<a href=""http://twitter.com/download/iphone"" rel=""nofollow"">Twitter for iPhone</a>","lisboncouncil",3,FALSE,FALSE,NA,NA
"142","#EU-China partnership centre stage at #Global #Tourism #Economy #Forum:  https://t.co/HY2azjDjJZ | As #China bridge… https://t.co/X5wMK6s0UN",FALSE,1,NA,2018-12-21 06:45:16,TRUE,NA,"1076005664080781312",NA,"<a href=""http://twitter.com"" rel=""nofollow"">Twitter Web Client</a>","HPPulver",0,FALSE,FALSE,NA,NA
"143","RT @noikeanolife: The #European countries home to the most #migrants @StatistaCharts https://t.co/adWTRr9SeS #InclusiveGrowth #migration #R…",FALSE,0,NA,2018-12-21 03:16:27,FALSE,NA,"1075953114925142016",NA,"<a href=""http://ha.guanduania.org"" rel=""nofollow"">Guanduania Humanitarian</a>","guahuc",3,TRUE,FALSE,NA,NA
"144","The #European countries home to the most #migrants @StatistaCharts https://t.co/adWTRr9SeS #InclusiveGrowth… https://t.co/eUc4JmZUqi",FALSE,3,NA,2018-12-21 03:12:51,TRUE,NA,"1075952209580384257",NA,"<a href=""http://twitter.com"" rel=""nofollow"">Twitter Web Client</a>","noikeanolife",3,FALSE,FALSE,NA,NA
"145","Hey #LeoVaradkar, leave #Brexit alone (you have no say in it - is up to the #EU &amp; the #UK) and worry a bit more abo… https://t.co/MYgwBGfrXx",FALSE,0,NA,2018-12-20 23:33:20,TRUE,NA,"1075896965009981440",NA,"<a href=""http://twitter.com/download/android"" rel=""nofollow"">Twitter for Android</a>","Real__Ireland",0,FALSE,FALSE,NA,NA
"146","RT @freshsoulstoons: I very much enjoy how #Brexit is framed as a positive or negative where you’re either one or t’other and anyone on the…",FALSE,0,NA,2018-12-20 22:02:58,FALSE,NA,"1075874226010275841",NA,"<a href=""http://twitter.com/#!/download/ipad"" rel=""nofollow"">Twitter for iPad</a>","liziwake",3,TRUE,FALSE,NA,NA
"147","RT @DalbidEU: @Tommoriarty16 @richjbaker27 So, no chance or #WA agreement approval in the Commons. Widespread rejection of a #NoDeal crasho…",FALSE,0,NA,2018-12-20 19:08:06,FALSE,NA,"1075830217342636034",NA,"<a href=""http://twitter.com/#!/download/ipad"" rel=""nofollow"">Twitter for iPad</a>","2kay2kay",4,TRUE,FALSE,NA,NA
"148","@alan_firth_ So, no chance of #WA agreement approval in the Commons. Widespread rejection of a #NoDeal crashout.… https://t.co/PhzEAeY3wT",FALSE,0,"alan_firth_",2018-12-20 18:54:52,TRUE,"1075732812387504128","1075826887363125249","123584805","<a href=""http://twitter.com"" rel=""nofollow"">Twitter Web Client</a>","DalbidEU",0,FALSE,FALSE,NA,NA
"149","#India, world's fastest growing large #economy, will replace #Britain as the 5th largest economy, says #IMF. Even… https://t.co/P5qJe7V9kR",FALSE,1,NA,2018-12-20 18:41:36,TRUE,NA,"1075823548990599168",NA,"<a href=""http://twitter.com"" rel=""nofollow"">Twitter Web Client</a>","weareji",1,FALSE,FALSE,NA,NA
"150","RT @fklivestolearn: A snapshot of the minimum #wages in Europe - #EU #economy #wealth #GDP

@kashthefuturist @alvinfoo @DioFavatas @gvalan…",FALSE,0,NA,2018-12-20 18:38:36,FALSE,NA,"1075822791755251713",NA,"<a href=""http://twitter.com"" rel=""nofollow"">Twitter Web Client</a>","mjehanzeb2k",4,TRUE,FALSE,NA,NA
"151","‘We didn’t listen to people’: French PM admits mistakes in dealing with Yellow Vest rallies #YellowVests #France… https://t.co/vFURLAl3gA",FALSE,0,NA,2018-12-20 18:26:56,TRUE,NA,"1075819857562734592",NA,"<a href=""https://buffer.com"" rel=""nofollow"">Buffer</a>","Time4TruthNews",0,FALSE,FALSE,NA,NA
"152","RT @fklivestolearn: A snapshot of the minimum #wages in Europe - #EU #economy #wealth #GDP

@kashthefuturist @alvinfoo @DioFavatas @gvalan…",FALSE,0,NA,2018-12-20 15:31:56,FALSE,NA,"1075775817299451904",NA,"<a href=""http://twitter.com/download/android"" rel=""nofollow"">Twitter for Android</a>","gvalan",4,TRUE,FALSE,NA,NA
"153","A snapshot of the minimum #wages in Europe - #EU #economy #wealth #GDP

@kashthefuturist @alvinfoo @DioFavatas… https://t.co/m4SNe9yn8P",FALSE,9,NA,2018-12-20 15:30:51,TRUE,NA,"1075775545110028288",NA,"<a href=""http://twitter.com"" rel=""nofollow"">Twitter Web Client</a>","fklivestolearn",4,FALSE,FALSE,NA,NA
"154","EU urges British banks to relocate to avoid no-deal 'catastrophe' #EU #Brexit #FinanceNews #Economy #UK 
https://t.co/3bgwepiC5a",FALSE,0,NA,2018-12-20 14:30:28,FALSE,NA,"1075760349415129089",NA,"<a href=""https://www.hootsuite.com"" rel=""nofollow"">Hootsuite Inc.</a>","langdownsdfk",0,FALSE,FALSE,NA,NA
"155","RT @DalbidEU: @Scientists4EU So, no chance of #WA agreement approval in the Commons. Widespread rejection of a #NoDeal crashout. #Norway #C…",FALSE,0,NA,2018-12-20 12:09:03,FALSE,NA,"1075724760972189696",NA,"<a href=""http://twitter.com/download/android"" rel=""nofollow"">Twitter for Android</a>","DalbidEU",5,TRUE,FALSE,NA,NA
"156","RT @elerianm: Good morning.

Insights from game theory on #UK Prime Minister Theresa May's current #Brexit negotiating approach, why a solu…",FALSE,0,NA,2018-12-20 11:00:09,FALSE,NA,"1075707420310233088",NA,"<a href=""http://kbv.org"" rel=""nofollow"">kbvbot</a>","KBVorg",13,TRUE,FALSE,NA,NA
"157","RT @DalbidEU: @PeterStefanovi2 @SpanishDan1 So, no chance of #WA agreement approval in the Commons. Widespread rejection of a #NoDeal. #Nor…",FALSE,0,NA,2018-12-20 10:36:55,FALSE,NA,"1075701573408440321",NA,"<a href=""http://twitter.com/download/iphone"" rel=""nofollow"">Twitter for iPhone</a>","milliem4cett",1,TRUE,FALSE,NA,NA
"158","@PeterStefanovi2 @SpanishDan1 So, no chance of #WA agreement approval in the Commons. Widespread rejection of a… https://t.co/pzMtijO2ee",FALSE,1,"PeterStefanovi2",2018-12-20 10:31:39,TRUE,"1075675335721660416","1075700247291146240","2441666255","<a href=""http://twitter.com"" rel=""nofollow"">Twitter Web Client</a>","DalbidEU",1,FALSE,FALSE,NA,NA
"159","RT @DalbidEU: @Scientists4EU So, no chance of #WA agreement approval in the Commons. Widespread rejection of a #NoDeal crashout. #Norway #C…",FALSE,0,NA,2018-12-20 09:15:06,FALSE,NA,"1075680982437642240",NA,"<a href=""http://twitter.com/download/iphone"" rel=""nofollow"">Twitter for iPhone</a>","robthill",5,TRUE,FALSE,NA,NA
"160","RT @DalbidEU: @Scientists4EU So, no chance of #WA agreement approval in the Commons. Widespread rejection of a #NoDeal crashout. #Norway #C…",FALSE,0,NA,2018-12-20 09:07:54,FALSE,NA,"1075679172226359297",NA,"<a href=""http://twitter.com/#!/download/ipad"" rel=""nofollow"">Twitter for iPad</a>","fussydolphin",5,TRUE,FALSE,NA,NA
"161","RT @elerianm: Good morning.

Insights from game theory on #UK Prime Minister Theresa May's current #Brexit negotiating approach, why a solu…",FALSE,0,NA,2018-12-20 08:57:29,FALSE,NA,"1075676550803136512",NA,"<a href=""https://mobile.twitter.com"" rel=""nofollow"">Twitter Lite</a>","Benyam40",13,TRUE,FALSE,NA,NA
"162","RT @elerianm: Good morning.

Insights from game theory on #UK Prime Minister Theresa May's current #Brexit negotiating approach, why a solu…",FALSE,0,NA,2018-12-20 08:40:08,FALSE,NA,"1075672184239067136",NA,"<a href=""http://twitter.com"" rel=""nofollow"">Twitter Web Client</a>","Allianz",13,TRUE,FALSE,NA,NA
"163","I thought those #EU workers that boosted #UK #Economy by £ billions seemed OK .... 
Post-Brexit immigration: An end… https://t.co/aWpWgRH8gH",FALSE,1,NA,2018-12-20 02:26:49,TRUE,NA,"1075578237944766465",NA,"<a href=""http://twitter.com/download/android"" rel=""nofollow"">Twitter for Android</a>","Pickle2884",0,FALSE,FALSE,NA,NA
"164","#Brexit referendum 'plausible' if MPs can't decide - @AmberRudd #business #economy #EU  https://t.co/D6ldpHK4Xt",FALSE,0,NA,2018-12-20 00:29:50,FALSE,NA,"1075548797491691520",NA,"<a href=""http://twitter.com/download/iphone"" rel=""nofollow"">Twitter for iPhone</a>","anitashahwriter",0,FALSE,FALSE,NA,NA
"165","Fears of Euroskepticism blunt #Brussels' #budget threats against Rome - https://t.co/IjVZ2syXmz - #EU #Economy",FALSE,0,NA,2018-12-19 20:32:37,FALSE,NA,"1075489099841187842",NA,"<a href=""http://twitter.com"" rel=""nofollow"">Twitter Web Client</a>","JoeThorpe1963",0,FALSE,FALSE,NA,NA
"166","RT @ritewayalan: #NOT a #SCARE STORY but a REAL #FACT
About #THIRTEEN #PERCENT of UK #ECONOMY #EXPORTS to #EU",FALSE,0,NA,2018-12-19 18:18:45,FALSE,NA,"1075455409366974465",NA,"<a href=""http://twitter.com/download/iphone"" rel=""nofollow"">Twitter for iPhone</a>","DamainWard",1,TRUE,FALSE,NA,NA
"167","#NOT a #SCARE STORY but a REAL #FACT
About #THIRTEEN #PERCENT of UK #ECONOMY #EXPORTS to #EU",FALSE,1,NA,2018-12-19 18:12:23,FALSE,NA,"1075453807738478592",NA,"<a href=""http://twitter.com"" rel=""nofollow"">Twitter Web Client</a>","ritewayalan",1,FALSE,FALSE,NA,NA
"168","Brexit warning to Welsh business from Alun Cairns https://t.co/emd6mV0Wfz
#Brexit #UK #EU #Scotland #NI #Wales… https://t.co/qDVYxTPxJB",FALSE,0,NA,2018-12-19 18:06:53,TRUE,NA,"1075452423936733185",NA,"<a href=""http://twitter.com"" rel=""nofollow"">Twitter Web Client</a>","ChuckDalldorf",0,FALSE,FALSE,NA,NA
"169","Welsh ministers 'intensifying' no-deal Brexit preparations https://t.co/67DT2MK3LQ
#Brexit #UK #EU #Scotland #NI… https://t.co/VXZWutzu52",FALSE,0,NA,2018-12-19 18:06:15,TRUE,NA,"1075452264481927168",NA,"<a href=""http://twitter.com"" rel=""nofollow"">Twitter Web Client</a>","ChuckDalldorf",0,FALSE,FALSE,NA,NA
"170","Brexit: PSNI to recruit an extra 308 officers after funding boost https://t.co/y6QXWEAssh
#Brexit #UK #EU #Scotland… https://t.co/5BO7eYdHZb",FALSE,0,NA,2018-12-19 18:05:32,TRUE,NA,"1075452082826539008",NA,"<a href=""http://twitter.com"" rel=""nofollow"">Twitter Web Client</a>","ChuckDalldorf",0,FALSE,FALSE,NA,NA
"171","The Greece and Cyprus ""experiments"" were unsuccessful?
As far as Italy is concerned, they are too deeply intergrate… https://t.co/SaZ1cs4twi",FALSE,0,NA,2018-12-19 18:02:53,TRUE,NA,"1075451416737669120",NA,"<a href=""http://twitter.com/download/android"" rel=""nofollow"">Twitter for Android</a>","andreaspindarou",0,FALSE,FALSE,NA,NA
"172","Scotland's economy grows by 0.3% 
https://t.co/hWhVOYpkr7
#Scotland #UK #EU #economy #workers #jobs #wages… https://t.co/E9muk9lOcn",FALSE,0,NA,2018-12-19 18:01:02,TRUE,NA,"1075450950909751296",NA,"<a href=""http://twitter.com"" rel=""nofollow"">Twitter Web Client</a>","ChuckDalldorf",0,FALSE,FALSE,NA,NA
"173","'Detailed' Scottish government plans for no-deal Brexit https://t.co/C65td2qFTb
#Brexit #UK #EU #Scotland #NI… https://t.co/faGmVtEgZT",FALSE,0,NA,2018-12-19 17:59:39,TRUE,NA,"1075450602476363776",NA,"<a href=""http://twitter.com"" rel=""nofollow"">Twitter Web Client</a>","ChuckDalldorf",0,FALSE,FALSE,NA,NA
"174","May urges Scottish and Welsh ministers to back Brexit deal https://t.co/WviupJKK6M
#Brexit #UK #EU #Scotland #NI… https://t.co/ARnu3jKYmR",FALSE,0,NA,2018-12-19 17:59:06,TRUE,NA,"1075450466954137600",NA,"<a href=""http://twitter.com"" rel=""nofollow"">Twitter Web Client</a>","ChuckDalldorf",0,FALSE,FALSE,NA,NA
"175","Brexit: 'Horrified' firms warn time is running out https://t.co/LCWgAAxLdG
#Brexit #UK #EU #Scotland #NI #Wales… https://t.co/xXzyWjZ97R",FALSE,0,NA,2018-12-19 17:54:35,TRUE,NA,"1075449328007663616",NA,"<a href=""http://twitter.com"" rel=""nofollow"">Twitter Web Client</a>","ChuckDalldorf",0,FALSE,FALSE,NA,NA
"176","White Paper sets out post-Brexit rules for migrants https://t.co/gowgSXcdEW
#Brexit #UK #EU #Scotland #NI #Wales… https://t.co/7gL353pVtE",FALSE,0,NA,2018-12-19 17:53:36,TRUE,NA,"1075449080543731713",NA,"<a href=""http://twitter.com"" rel=""nofollow"">Twitter Web Client</a>","ChuckDalldorf",0,FALSE,FALSE,NA,NA
"177","Expanding place-based policies would solve many problems for the #EU. Rebuild popular support. Fiscal transfer mech… https://t.co/bZ1oGYJxgR",FALSE,0,NA,2018-12-19 17:35:35,TRUE,NA,"1075444547935703046",NA,"<a href=""http://twitter.com/download/iphone"" rel=""nofollow"">Twitter for iPhone</a>","ParticleEcon",0,FALSE,FALSE,NA,NA
"178","Why this EU is a failure in numbers #EUsucks #EU #economy #businessdevelopment #Entrepreneurship https://t.co/3FtxIpX9RE",FALSE,0,NA,2018-12-19 17:23:20,FALSE,NA,"1075441464396656642",NA,"<a href=""http://twitter.com"" rel=""nofollow"">Twitter Web Client</a>","SickParvisMagna",0,FALSE,FALSE,NA,NA
"179","Italy budget deal struck with Europe after months-long row https://t.co/fw3EVZGiP4
#Italy #EU #politics #budgets… https://t.co/cL5TCqLYFp",FALSE,0,NA,2018-12-19 16:46:05,TRUE,NA,"1075432090282250240",NA,"<a href=""http://twitter.com"" rel=""nofollow"">Twitter Web Client</a>","ChuckDalldorf",0,FALSE,FALSE,NA,NA
"180","Brexit: EU reveals no-deal plans 
https://t.co/uu9fPQAKJQ
#Brexit #UK #EU #Scotland #NI #Wales #England #Ireland… https://t.co/LPCQroWqqM",FALSE,0,NA,2018-12-19 16:45:08,TRUE,NA,"1075431852083535872",NA,"<a href=""http://twitter.com"" rel=""nofollow"">Twitter Web Client</a>","ChuckDalldorf",0,FALSE,FALSE,NA,NA
"181","the #EU has a good record of defending things the #British claim to be upholders of – international #law, rules-bas… https://t.co/IezDEd2PuK",FALSE,0,"StineOlsenActor",2018-12-19 16:16:37,TRUE,"1075424671695323137","1075424672739667968","3233077264","<a href=""http://twitter.com"" rel=""nofollow"">Twitter Web Client</a>","StineOlsenActor",0,FALSE,FALSE,NA,NA
"182","the #EU is far from the #British caricature of it as #protectionist, #insular and economically #illiberal. In reali… https://t.co/0lY6bVLzpb",FALSE,0,"StineOlsenActor",2018-12-19 16:16:36,TRUE,"1075417369026224128","1075424671695323137","3233077264","<a href=""http://twitter.com"" rel=""nofollow"">Twitter Web Client</a>","StineOlsenActor",0,FALSE,FALSE,NA,NA
"183","More support needed for SMEs with new online VAT by @ACCAViews
https://t.co/l9mDRsjBeq #economy #finance #EU https://t.co/PBL9q6oXys",FALSE,0,NA,2018-12-19 16:15:05,FALSE,NA,"1075424286830157825",NA,"<a href=""https://buffer.com"" rel=""nofollow"">Buffer</a>","TheWonk_EU",0,FALSE,FALSE,NA,NA
"184","#EU &amp; #Italy reach #budget deal. #Details here: https://t.co/6qCVPpX1W1 #internationalbusiness #economy",FALSE,0,NA,2018-12-19 16:03:04,FALSE,NA,"1075421265614245888",NA,"<a href=""http://twitter.com"" rel=""nofollow"">Twitter Web Client</a>","larrysoldinger",0,FALSE,FALSE,NA,NA
"185","Keynote speaker at KickStart Europe is Jörgen Gren - Expert in the Cabinet of Vice President Ansip on Digital Singl… https://t.co/mJP3bdurRq",FALSE,0,NA,2018-12-19 15:50:08,TRUE,NA,"1075418010339414017",NA,"<a href=""https://buffer.com"" rel=""nofollow"">Buffer</a>","DGWEU",1,FALSE,FALSE,NA,NA
"186","RT @DalbidEU: @Scientists4EU So, no chance of #WA agreement approval in the Commons. Widespread rejection of a #NoDeal crashout. #Norway #C…",FALSE,0,NA,2018-12-19 15:48:34,FALSE,NA,"1075417617383464961",NA,"<a href=""http://twitter.com/download/android"" rel=""nofollow"">Twitter for Android</a>","DougBannatyne",5,TRUE,FALSE,NA,NA
"187","RT @DalbidEU: @Scientists4EU So, no chance of #WA agreement approval in the Commons. Widespread rejection of a #NoDeal crashout. #Norway #C…",FALSE,0,NA,2018-12-19 15:44:47,FALSE,NA,"1075416663296745473",NA,"<a href=""http://twitter.com/download/android"" rel=""nofollow"">Twitter for Android</a>","nharris59",5,TRUE,FALSE,NA,NA
"188","@Scientists4EU So, no chance of #WA agreement approval in the Commons. Widespread rejection of a #NoDeal crashout.… https://t.co/Ua0el0NCIX",FALSE,15,"Scientists4EU",2018-12-19 15:36:20,TRUE,"1075413732115787778","1075414535077548033","3189001238","<a href=""http://twitter.com"" rel=""nofollow"">Twitter Web Client</a>","DalbidEU",5,FALSE,FALSE,NA,NA
"189","The European Union set out short-term measures if Britain left the bloc without a deal next March.
#maltawinds… https://t.co/KJNtVTeGqh",FALSE,0,NA,2018-12-19 15:07:00,TRUE,NA,"1075407155682045953",NA,"<a href=""http://twitter.com"" rel=""nofollow"">Twitter Web Client</a>","WindsMalta",0,FALSE,FALSE,NA,NA
"190","#Latvia🇱🇻 is aware of the #EU’s beneficial role to both its #economy and #security and will likely remain a reliabl… https://t.co/6vR6ZV3ojt",FALSE,0,NA,2018-12-19 14:21:35,TRUE,NA,"1075395726337806341",NA,"<a href=""https://buffer.com"" rel=""nofollow"">Buffer</a>","ECFRRoma",0,FALSE,FALSE,NA,NA
"191","""#EU #migrants make up 5% of #UK #population, but 10% of our #doctors.""

- @Femi_Sorry

Our @NHSuk NEEDS… https://t.co/rSdvVhKKEj",FALSE,0,NA,2018-12-19 14:13:26,TRUE,NA,"1075393673318330369",NA,"<a href=""http://twitter.com/download/android"" rel=""nofollow"">Twitter for Android</a>","mtajri",0,FALSE,FALSE,NA,NA
"192","RT @MaryHerman2: #BREAKING A crash no-deal #Brexit will damage the #UK #economy, the UK #Government &amp; the #Monarchy!
-
#EC @UKHouseofLords…",FALSE,0,NA,2018-12-19 13:54:48,FALSE,NA,"1075388986162601985",NA,"<a href=""http://forwardas.one"" rel=""nofollow"">FAO Twitter Bot</a>","FAO_Scotbot",2,TRUE,FALSE,NA,NA
"193","RT @MaryHerman2: #BREAKING A crash no-deal #Brexit will damage the #UK #economy, the UK #Government &amp; the #Monarchy!
-
#EC @UKHouseofLords…",FALSE,0,NA,2018-12-19 13:53:38,FALSE,NA,"1075388691454091265",NA,"<a href=""http://twitter.com"" rel=""nofollow"">Twitter Web Client</a>","MaryHerman2",2,TRUE,FALSE,NA,NA
"194","#BREAKING A crash no-deal #Brexit will damage the #UK #economy, the UK #Government &amp; the #Monarchy!
-
#EC… https://t.co/zwD0IZbAUn",FALSE,1,NA,2018-12-19 13:53:09,TRUE,NA,"1075388569412399105",NA,"<a href=""http://twitter.com"" rel=""nofollow"">Twitter Web Client</a>","MaryHerman2",2,FALSE,FALSE,NA,NA
"195","RT @elerianm: Good morning.

Insights from game theory on #UK Prime Minister Theresa May's current #Brexit negotiating approach, why a solu…",FALSE,0,NA,2018-12-19 13:36:05,FALSE,NA,"1075384273635590144",NA,"<a href=""http://twitter.com"" rel=""nofollow"">Twitter Web Client</a>","rauspitz",13,TRUE,FALSE,NA,NA
"196","RT @elerianm: Good morning.

Insights from game theory on #UK Prime Minister Theresa May's current #Brexit negotiating approach, why a solu…",FALSE,0,NA,2018-12-19 13:25:26,FALSE,NA,"1075381593265582082",NA,"<a href=""http://twitter.com"" rel=""nofollow"">Twitter Web Client</a>","RonnieChopra1",13,TRUE,FALSE,NA,NA
"197","RT @elerianm: Good morning.

Insights from game theory on #UK Prime Minister Theresa May's current #Brexit negotiating approach, why a solu…",FALSE,0,NA,2018-12-19 12:35:34,FALSE,NA,"1075369046521057280",NA,"<a href=""http://twitter.com/#!/download/ipad"" rel=""nofollow"">Twitter for iPad</a>","Luis_Fierro_Eco",13,TRUE,FALSE,NA,NA
"198","RT @elerianm: Good morning.

Insights from game theory on #UK Prime Minister Theresa May's current #Brexit negotiating approach, why a solu…",FALSE,0,NA,2018-12-19 12:35:25,FALSE,NA,"1075369006989762560",NA,"<a href=""http://twitter.com/#!/download/ipad"" rel=""nofollow"">Twitter for iPad</a>","OtisManousakos",13,TRUE,FALSE,NA,NA
"199","RT @FrankBassF9Ca5: Space based solar power: a timely answer to Europe’s #energy challenge
The #EU has the opportunity now to lead developm…",FALSE,0,NA,2018-12-19 12:20:19,FALSE,NA,"1075365208422531072",NA,"<a href=""http://twitter.com/download/android"" rel=""nofollow"">Twitter for Android</a>","PARADISEARTH",2,TRUE,FALSE,NA,NA
"200","RT @FrankBassF9Ca5: Space based solar power: a timely answer to Europe’s #energy challenge
The #EU has the opportunity now to lead developm…",FALSE,0,NA,2018-12-19 12:16:49,FALSE,NA,"1075364327845232640",NA,"<a href=""https://sites.google.com/view/kapilnarwal"" rel=""nofollow"">kapilnarwal</a>","kapilnarwal",2,TRUE,FALSE,NA,NA
"201","Space based solar power: a timely answer to Europe’s #energy challenge
The #EU has the opportunity now to lead deve… https://t.co/WtM9LFGXbR",FALSE,1,NA,2018-12-19 12:16:08,TRUE,NA,"1075364153995407367",NA,"<a href=""http://twitter.com/download/android"" rel=""nofollow"">Twitter for Android</a>","FrankBassF9Ca5",2,FALSE,FALSE,NA,NA
"202","RT @elerianm: Good morning.

Insights from game theory on #UK Prime Minister Theresa May's current #Brexit negotiating approach, why a solu…",FALSE,0,NA,2018-12-19 12:11:51,FALSE,NA,"1075363077875486729",NA,"<a href=""http://twitter.com/download/iphone"" rel=""nofollow"">Twitter for iPhone</a>","gianni_casanova",13,TRUE,FALSE,NA,NA
"203","RT @elerianm: Good morning.

Insights from game theory on #UK Prime Minister Theresa May's current #Brexit negotiating approach, why a solu…",FALSE,0,NA,2018-12-19 11:54:54,FALSE,NA,"1075358810917793792",NA,"<a href=""http://twitter.com/download/iphone"" rel=""nofollow"">Twitter for iPhone</a>","paulocnlacerda",13,TRUE,FALSE,NA,NA
"204","RT @elerianm: Good morning.

Insights from game theory on #UK Prime Minister Theresa May's current #Brexit negotiating approach, why a solu…",FALSE,0,NA,2018-12-19 11:54:09,FALSE,NA,"1075358622119534592",NA,"<a href=""http://twitter.com/download/android"" rel=""nofollow"">Twitter for Android</a>","IndicesenelMes",13,TRUE,FALSE,NA,NA
"205","RT @elerianm: Good morning.

Insights from game theory on #UK Prime Minister Theresa May's current #Brexit negotiating approach, why a solu…",FALSE,0,NA,2018-12-19 11:49:16,FALSE,NA,"1075357393465368576",NA,"<a href=""http://twitter.com"" rel=""nofollow"">Twitter Web Client</a>","Simmonsjoseph19",13,TRUE,FALSE,NA,NA
"206","Good morning.

Insights from game theory on #UK Prime Minister Theresa May's current #Brexit negotiating approach,… https://t.co/MRinFd2bxY",FALSE,30,NA,2018-12-19 11:48:54,TRUE,NA,"1075357300662198272",NA,"<a href=""https://about.twitter.com/products/tweetdeck"" rel=""nofollow"">TweetDeck</a>","elerianm",13,FALSE,FALSE,NA,NA
"207","Italy has done a deal with the European Commission over its contested 2019 budget, signalling an end to weeks of wr… https://t.co/39f92ZPSA3",FALSE,0,NA,2018-12-19 11:26:03,TRUE,NA,"1075351549436669952",NA,"<a href=""http://twitter.com"" rel=""nofollow"">Twitter Web Client</a>","WindsMalta",0,FALSE,FALSE,NA,NA
"208","#EU and African Union launch #digital #economy task force, intermediate report due in April - Telecompaper https://t.co/j7aUeoNLfK #Africa",FALSE,0,NA,2018-12-19 09:55:02,FALSE,NA,"1075328644631818240",NA,"<a href=""https://about.twitter.com/products/tweetdeck"" rel=""nofollow"">TweetDeck</a>","carlesdijous",0,FALSE,FALSE,NA,NA
"209","RT @anitashahwriter: #Brexit: 'Horrified' firms warn time is running out #business #consumer #economy #EU  https://t.co/2a2VfQoHzr",FALSE,0,NA,2018-12-19 09:26:20,FALSE,NA,"1075321423722369025",NA,"<a href=""http://twitter.com"" rel=""nofollow"">Twitter Web Client</a>","EliMuso",1,TRUE,FALSE,NA,NA
"210","@BBCr4today ""But is it the right course of action?"" #r4today, Right course of action for Who? Not for #Trump or sho… https://t.co/8UpUZifYYl",FALSE,1,"BBCr4today",2018-12-19 09:01:58,TRUE,"1075313877565476864","1075315291813482496","8170292","<a href=""http://twitter.com"" rel=""nofollow"">Twitter Web Client</a>","ojs53",0,FALSE,FALSE,NA,NA
"211","The #EU and #China both have an interest in supporting an open multilateral trading system #economy #extremism… https://t.co/aD2Df0lUZS",FALSE,1,NA,2018-12-19 08:59:55,TRUE,NA,"1075314775591133185",NA,"<a href=""http://twitter.com"" rel=""nofollow"">Twitter Web Client</a>","EgmontInstitute",0,FALSE,FALSE,NA,NA
"212","#Brexit: 'Horrified' firms warn time is running out #business #consumer #economy #EU  https://t.co/2a2VfQoHzr",FALSE,2,NA,2018-12-19 07:20:42,FALSE,NA,"1075289807344058368",NA,"<a href=""http://twitter.com/download/iphone"" rel=""nofollow"">Twitter for iPhone</a>","anitashahwriter",1,FALSE,FALSE,NA,NA
"213","With expectation of (significant) impact to #UK/#EU #Economy/#Trade Scenario, including (possible) disruptions to… https://t.co/9RPUfjgLwP",FALSE,0,NA,2018-12-19 06:41:46,TRUE,NA,"1075280009420406785",NA,"<a href=""http://twitter.com"" rel=""nofollow"">Twitter Web Client</a>","MuraliAdhitya",0,FALSE,FALSE,NA,NA
"214","RT @Finnsanity: Unstavle bubble Market

Crash Looming

https://t.co/FGDFjxwf7l

#economy #london #labour #newyourk #banking #londoncity #eu…",FALSE,0,NA,2018-12-19 03:23:40,FALSE,NA,"1075230153423376386",NA,"<a href=""http://twitter.com"" rel=""nofollow"">Twitter Web Client</a>","JuudasSoini",1,TRUE,FALSE,NA,NA
"215","""Managed no deal is not a viable option. It’s not on offer from the #EU and the responsibility of cabinet ministers… https://t.co/KGE7b4UHRT",FALSE,0,NA,2018-12-19 00:13:07,TRUE,NA,"1075182203104083969",NA,"<a href=""https://about.twitter.com/products/tweetdeck"" rel=""nofollow"">TweetDeck</a>","mpondfield",0,FALSE,FALSE,NA,NA
"216","RT @IBalkanNA: #EU fines #Bulgaria 77 million euros #Economy #Balkans #EuropeanUnion https://t.co/ya2CFUxGbe",FALSE,0,NA,2018-12-18 23:17:36,FALSE,NA,"1075168228903657472",NA,"<a href=""http://twitter.com/download/android"" rel=""nofollow"">Twitter for Android</a>","boristemkov",1,TRUE,FALSE,NA,NA
"217","Top EU civil servants are now pocketing salaries over €20,000 a month| Read More https://t.co/ivnEexB7hQ… https://t.co/1uVPYikuLf",FALSE,0,NA,2018-12-18 23:00:19,TRUE,NA,"1075163881159438337",NA,"<a href=""https://buffer.com"" rel=""nofollow"">Buffer</a>","thevisionable",0,FALSE,FALSE,NA,NA
"218","Unstavle bubble Market

Crash Looming

https://t.co/FGDFjxwf7l

#economy #london #labour #newyourk #banking… https://t.co/mXIEhqUZUC",FALSE,11,NA,2018-12-18 19:51:50,TRUE,NA,"1075116447444201472",NA,"<a href=""http://twitter.com/download/android"" rel=""nofollow"">Twitter for Android</a>","Finnsanity",1,FALSE,FALSE,NA,NA
"219","UK’s Labour opposition tables a no confidence motion in PM Theresa May| Read More https://t.co/ivnEexB7hQ… https://t.co/VkZP3Gkm6R",FALSE,0,NA,2018-12-18 19:00:45,TRUE,NA,"1075103593752080384",NA,"<a href=""https://buffer.com"" rel=""nofollow"">Buffer</a>","thevisionable",0,FALSE,FALSE,NA,NA
"220","RT @elerianm: Using a simple football analogy to explain why I worry about #Europe's economic prospects, &amp; what can be done to materially i…",FALSE,0,NA,2018-12-18 18:52:37,FALSE,NA,"1075101543760723968",NA,"<a href=""http://twitter.com/download/iphone"" rel=""nofollow"">Twitter for iPhone</a>","frankmottek",6,TRUE,FALSE,NA,NA
"221","RT @elerianm: Using a simple football analogy to explain why I worry about #Europe's economic prospects, &amp; what can be done to materially i…",FALSE,0,NA,2018-12-18 18:33:52,FALSE,NA,"1075096826846609408",NA,"<a href=""https://cancanit.com/"" rel=""nofollow"">M and M Twitter Assistant</a>","Mark7475",6,TRUE,FALSE,NA,NA
"222","RT @elerianm: Using a simple football analogy to explain why I worry about #Europe's economic prospects, &amp; what can be done to materially i…",FALSE,0,NA,2018-12-18 18:32:50,FALSE,NA,"1075096568607449088",NA,"<a href=""http://twitter.com/download/iphone"" rel=""nofollow"">Twitter for iPhone</a>","actionclanton",6,TRUE,FALSE,NA,NA
"223","RT @elerianm: Using a simple football analogy to explain why I worry about #Europe's economic prospects, &amp; what can be done to materially i…",FALSE,0,NA,2018-12-18 18:30:40,FALSE,NA,"1075096021695426560",NA,"<a href=""http://twitter.com/download/iphone"" rel=""nofollow"">Twitter for iPhone</a>","DavidTakentoken",6,TRUE,FALSE,NA,NA
"224","RT @elerianm: Using a simple football analogy to explain why I worry about #Europe's economic prospects, &amp; what can be done to materially i…",FALSE,0,NA,2018-12-18 18:27:11,FALSE,NA,"1075095144372862976",NA,"<a href=""http://twitter.com/download/iphone"" rel=""nofollow"">Twitter for iPhone</a>","Vik9410",6,TRUE,FALSE,NA,NA
"225","Using a simple football analogy to explain why I worry about #Europe's economic prospects, &amp; what can be done to ma… https://t.co/NKkTt3y2KV",FALSE,24,NA,2018-12-18 18:26:50,TRUE,NA,"1075095057064189952",NA,"<a href=""https://about.twitter.com/products/tweetdeck"" rel=""nofollow"">TweetDeck</a>","elerianm",6,FALSE,FALSE,NA,NA
"226","20 Million Euro Fine For Cyber-Attacks. A gentle reminder.

https://t.co/Pu6y31ZkFo

#cyber #crime #attack #data… https://t.co/IVRZcSwmoq",FALSE,1,NA,2018-12-18 17:31:09,TRUE,NA,"1075081045031174144",NA,"<a href=""http://twitter.com"" rel=""nofollow"">Twitter Web Client</a>","Support911Ltd",0,FALSE,FALSE,NA,NA
"227","RT @chrisbenj: 20 Million Euro Fine For Cyber-Attacks. A gentle reminder.

https://t.co/pbU2Rh6RNF

#cyber #crime #attack #data #breach #pr…",FALSE,0,NA,2018-12-18 17:30:57,FALSE,NA,"1075080993470582785",NA,"<a href=""http://twitter.com"" rel=""nofollow"">Twitter Web Client</a>","Support911Ltd",1,TRUE,FALSE,NA,NA
"228","20 Million Euro Fine For Cyber-Attacks. A gentle reminder.

https://t.co/pbU2Rh6RNF

#cyber #crime #attack #data… https://t.co/3bpjNy3OBS",FALSE,1,NA,2018-12-18 17:29:18,TRUE,NA,"1075080577483710464",NA,"<a href=""http://twitter.com"" rel=""nofollow"">Twitter Web Client</a>","chrisbenj",1,FALSE,FALSE,NA,NA
"229","@theresa_may !! PURPOSELY stripping  #citizensrights removing #FreedomOfMovement damaging the #economy risking peop… https://t.co/vc5VbnRB3d",FALSE,0,"theresa_may",2018-12-18 17:24:55,TRUE,NA,"1075079474109140992","747807250819981312","<a href=""https://mobile.twitter.com"" rel=""nofollow"">Twitter Lite</a>","JohnldtUk",0,FALSE,FALSE,NA,NA
"230","'Over the last two decades, #Poland experienced the most stable high #growth in the #EU, increasing the size of its… https://t.co/HDGnjiCkmf",FALSE,0,NA,2018-12-18 15:29:53,TRUE,NA,"1075050525064880133",NA,"<a href=""http://twitter.com"" rel=""nofollow"">Twitter Web Client</a>","ValueBooster",0,FALSE,FALSE,NA,NA
"231","France to introduce digital tax in new year https://t.co/59q41B2RN7
#France #politics #economy #tech #data #IT… https://t.co/28Q1rvpUle",FALSE,0,NA,2018-12-18 15:29:15,TRUE,NA,"1075050366788648967",NA,"<a href=""http://twitter.com"" rel=""nofollow"">Twitter Web Client</a>","ChuckDalldorf",0,FALSE,FALSE,NA,NA
"232","Dublin Airport tops 30m passengers so far in 2018 https://t.co/fqy7p1Dynn
#Ireland #Dublin #economy #airports… https://t.co/rCDgTMpXYV",FALSE,0,NA,2018-12-18 15:19:33,TRUE,NA,"1075047924541874178",NA,"<a href=""http://twitter.com"" rel=""nofollow"">Twitter Web Client</a>","ChuckDalldorf",0,FALSE,FALSE,NA,NA
"233","SNP: Opposition must put down motion of no confidence in government https://t.co/oEkMbVu9sv via @BBCNews
#Brexit… https://t.co/bhYJanuCwO",FALSE,0,NA,2018-12-18 15:14:41,TRUE,NA,"1075046702338502656",NA,"<a href=""http://twitter.com"" rel=""nofollow"">Twitter Web Client</a>","ChuckDalldorf",0,FALSE,FALSE,NA,NA
"234","UK Government still committed to net migration target - Brokenshire https://t.co/Kx06vGdk53
#Brexit #UK #EU… https://t.co/z7Kr5NZVIs",FALSE,1,NA,2018-12-18 15:14:12,TRUE,NA,"1075046578275131394",NA,"<a href=""http://twitter.com"" rel=""nofollow"">Twitter Web Client</a>","ChuckDalldorf",0,FALSE,FALSE,NA,NA
"235","Jeremy Corbyn tables Theresa May no-confidence motion https://t.co/xtN7fTctt5
#Brexit #UK #EU #Scotland #NI #Wales… https://t.co/0oupkZzNXN",FALSE,1,NA,2018-12-18 15:13:32,TRUE,NA,"1075046411589337089",NA,"<a href=""http://twitter.com"" rel=""nofollow"">Twitter Web Client</a>","ChuckDalldorf",0,FALSE,FALSE,NA,NA
"236","Brexit: Theresa May to hold a series of MPs' votes on options https://t.co/Grr1auoB6k
#Brexit #UK #EU #Scotland #NI… https://t.co/OlcTvn8PZp",FALSE,0,NA,2018-12-18 15:12:40,TRUE,NA,"1075046192990613505",NA,"<a href=""http://twitter.com"" rel=""nofollow"">Twitter Web Client</a>","ChuckDalldorf",0,FALSE,FALSE,NA,NA
"237","Brexit: Cabinet 'ramps up' no-deal planning https://t.co/UmtUdBpZNh
#Brexit #UK #EU #Scotland #NI #Wales #England… https://t.co/SecxdahPn2",FALSE,0,NA,2018-12-18 15:12:04,TRUE,NA,"1075046040179535872",NA,"<a href=""http://twitter.com"" rel=""nofollow"">Twitter Web Client</a>","ChuckDalldorf",0,FALSE,FALSE,NA,NA
"238","RT @MaryHerman2: #BREAKING A no-deal #Brexit will damage the #UK #Economy but will protect #May's job 📉&gt; better stay in the #EU to keep the…",FALSE,0,NA,2018-12-18 14:58:30,FALSE,NA,"1075042627978973190",NA,"<a href=""http://twitter.com"" rel=""nofollow"">Twitter Web Client</a>","MaryHerman2",1,TRUE,FALSE,NA,NA
"239","#BREAKING A no-deal #Brexit will damage the #UK #Economy but will protect #May's job 📉&gt; better stay in the #EU to k… https://t.co/7yZWR4IoBe",FALSE,1,NA,2018-12-18 14:57:54,TRUE,NA,"1075042477378281473",NA,"<a href=""http://twitter.com"" rel=""nofollow"">Twitter Web Client</a>","MaryHerman2",1,FALSE,FALSE,NA,NA
"240","RT @HandelsblattGE: How to spend it: Germany's budget surplus puts finance minister in an embarrassing spot https://t.co/BldoFFyebm #econom…",FALSE,0,NA,2018-12-18 14:12:33,FALSE,NA,"1075031063905341440",NA,"<a href=""http://twitter.com/download/android"" rel=""nofollow"">Twitter for Android</a>","ppsoe2000",2,TRUE,FALSE,NA,NA
"241","RT @HandelsblattGE: How to spend it: Germany's budget surplus puts finance minister in an embarrassing spot https://t.co/BldoFFyebm #econom…",FALSE,0,NA,2018-12-18 12:56:18,FALSE,NA,"1075011874448650240",NA,"<a href=""http://twitter.com"" rel=""nofollow"">Twitter Web Client</a>","mitch8951",2,TRUE,FALSE,NA,NA
"242","How to spend it: Germany's budget surplus puts finance minister in an embarrassing spot https://t.co/BldoFFyebm… https://t.co/vlDhEWgIJE",FALSE,0,NA,2018-12-18 12:55:51,TRUE,NA,"1075011760464293889",NA,"<a href=""https://www.echobox.com"" rel=""nofollow"">Echobox Social</a>","HandelsblattGE",2,FALSE,FALSE,NA,NA
"243","RT @DalbidEU: @JMPSimor Madness. So, no chance of #WA agreement approval in the Commons. Widespread rejection of a #NoDeal. #Norway #Canada…",FALSE,0,NA,2018-12-18 11:54:49,FALSE,NA,"1074996403515080704",NA,"<a href=""http://twitter.com"" rel=""nofollow"">Twitter Web Client</a>","BlueNicht",1,TRUE,FALSE,NA,NA
"244","Che cosa significa Green Economy secondo l’Europa https://t.co/Of13epMHNg
#economy #europe #greeneconomy #eu #policy #greeneconomy",FALSE,0,NA,2018-12-18 11:30:00,FALSE,NA,"1074990157546156032",NA,"<a href=""https://about.twitter.com/products/tweetdeck"" rel=""nofollow"">TweetDeck</a>","ShopSharing",0,FALSE,FALSE,NA,NA
"245","Ποιο είναι το  νέο πλαίσιο για τα ΜΕΔ που συμφώνησαν στην ΕΕ #eu #economy  https://t.co/IIIArAu9oi",FALSE,0,NA,2018-12-18 10:53:14,FALSE,NA,"1074980904148312064",NA,"<a href=""http://twitter.com"" rel=""nofollow"">Twitter Web Client</a>","briefcy",0,FALSE,FALSE,NA,NA
"246","#EU fines #Bulgaria 77 million euros #Economy #Balkans #EuropeanUnion https://t.co/ya2CFUxGbe",FALSE,0,NA,2018-12-18 10:39:54,FALSE,NA,"1074977548377960448",NA,"<a href=""http://twitter.com"" rel=""nofollow"">Twitter Web Client</a>","IBalkanNA",1,FALSE,FALSE,NA,NA
"247","Υπό πίεση Ρώμη και Βρυξέλλες #eu #economy https://t.co/Szd2Qq9sA0",FALSE,0,NA,2018-12-18 10:23:37,FALSE,NA,"1074973453265059840",NA,"<a href=""http://twitter.com"" rel=""nofollow"">Twitter Web Client</a>","briefcy",0,FALSE,FALSE,NA,NA
"248","@JMPSimor Madness. So, no chance of #WA agreement approval in the Commons. Widespread rejection of a #NoDeal.… https://t.co/pdjywcvLCW",FALSE,3,"JMPSimor",2018-12-18 09:29:16,TRUE,"1074949160032526336","1074959773806813184","864030687120281602","<a href=""http://twitter.com"" rel=""nofollow"">Twitter Web Client</a>","DalbidEU",1,FALSE,FALSE,NA,NA
"249","#Italy needs to cut 2.5-3 billion euros to clear 2019 budget with #EU.
Could Italy be the potential 'New Greece' of… https://t.co/ugHO16EDr1",FALSE,1,NA,2018-12-18 09:22:01,TRUE,NA,"1074957948877717504",NA,"<a href=""http://twitter.com"" rel=""nofollow"">Twitter Web Client</a>","HelenaHarris_",0,FALSE,FALSE,NA,NA
"250","Ευρωπαϊκές τράπεζες: Το επώδυνο 2018 και οι προκλήσεις του 2019 #eu #economy https://t.co/vcPnGEdPCv",FALSE,0,NA,2018-12-18 09:17:37,FALSE,NA,"1074956841757622272",NA,"<a href=""http://twitter.com"" rel=""nofollow"">Twitter Web Client</a>","briefcy",0,FALSE,FALSE,NA,NA
"251","So happy to read that Croatia consider to make stronger diplomatic and economy ties with Africa #EU #Croatia #Futures #economy",FALSE,0,NA,2018-12-18 08:59:31,FALSE,NA,"1074952284889600001",NA,"<a href=""http://twitter.com/download/android"" rel=""nofollow"">Twitter for Android</a>","zoranhorus",0,FALSE,FALSE,NA,NA
"252","There is no #Brexit that does not cause significant harm to #jobs &amp; the #UK economy

We KNOW that #EU migration has… https://t.co/B6pvJco5SP",FALSE,3,NA,2018-12-18 08:58:07,TRUE,NA,"1074951934086471681",NA,"<a href=""http://twitter.com/download/iphone"" rel=""nofollow"">Twitter for iPhone</a>","JeSuisSabotEUr",0,FALSE,FALSE,NA,NA
"253","RT @Ian_Flaming: @darrengrimes_ @PrisonPlanet @SkyNews Darren, your pro-#Brexit stance is ridiculous! Wake up and smell the coffee. Do you…",FALSE,0,NA,2018-12-18 03:17:12,FALSE,NA,"1074866139510001664",NA,"<a href=""http://twitter.com/download/android"" rel=""nofollow"">Twitter for Android</a>","BuzBuz",1,TRUE,FALSE,NA,NA
"254","@darrengrimes_ @PrisonPlanet @SkyNews Darren, your pro-#Brexit stance is ridiculous! Wake up and smell the coffee.… https://t.co/8gG75CbrhQ",FALSE,1,"darrengrimes_",2018-12-18 03:09:41,TRUE,"1074725061708406784","1074864248101265408","4691437897","<a href=""http://twitter.com"" rel=""nofollow"">Twitter Web Client</a>","Ian_Flaming",1,FALSE,FALSE,NA,NA
"255","Georgia's new pro-Western president seeks unity after vote protests| Read More https://t.co/ivnEexB7hQ… https://t.co/22trEQCwzR",FALSE,0,NA,2018-12-18 03:00:07,TRUE,NA,"1074861840524566528",NA,"<a href=""https://buffer.com"" rel=""nofollow"">Buffer</a>","thevisionable",0,FALSE,FALSE,NA,NA
"256","RT @DalbidEU: @SkyNews @JillFuhaid So, no chance of #WA agreement approval in the Commons. Widespread rejection of a #NoDeal crashout. #Nor…",FALSE,0,NA,2018-12-17 21:10:43,FALSE,NA,"1074773910359629824",NA,"<a href=""http://twitter.com/download/android"" rel=""nofollow"">Twitter for Android</a>","AndyGrays0n",2,TRUE,FALSE,NA,NA
"257","RT @DalbidEU: @SkyNews @JillFuhaid So, no chance of #WA agreement approval in the Commons. Widespread rejection of a #NoDeal crashout. #Nor…",FALSE,0,NA,2018-12-17 19:51:09,FALSE,NA,"1074753886936752129",NA,"<a href=""http://twitter.com/download/android"" rel=""nofollow"">Twitter for Android</a>","Manchester360",2,TRUE,FALSE,NA,NA
"258","@SkyNews @JillFuhaid So, no chance of #WA agreement approval in the Commons. Widespread rejection of a #NoDeal cras… https://t.co/4VYYlbZFld",FALSE,5,"SkyNews",2018-12-17 19:10:37,TRUE,"1074734992192880641","1074743687123558400","7587032","<a href=""http://twitter.com"" rel=""nofollow"">Twitter Web Client</a>","DalbidEU",2,FALSE,FALSE,NA,NA
"259","Thousands march in Brussels to protest the U.N. global migration compact| Read More https://t.co/ivnEexB7hQ… https://t.co/s2GROsIt9o",FALSE,0,NA,2018-12-17 19:00:24,TRUE,NA,"1074741114576494595",NA,"<a href=""https://buffer.com"" rel=""nofollow"">Buffer</a>","thevisionable",0,FALSE,FALSE,NA,NA
"260","Τα ρίσκα των traders στην Ανατολική Ευρώπη, για το 2019 #economy #eu https://t.co/05TNgnxHxQ",FALSE,0,NA,2018-12-17 17:53:02,FALSE,NA,"1074724160956493825",NA,"<a href=""http://twitter.com/download/iphone"" rel=""nofollow"">Twitter for iPhone</a>","briefcy",0,FALSE,FALSE,NA,NA
"261","Appreciating one's #asset (population) is taking a relationship opportunity. An efficient #Economy #Population in… https://t.co/FcVDac5i7V",FALSE,3,NA,2018-12-17 17:33:00,TRUE,NA,"1074719123211460611",NA,"<a href=""http://twitter.com"" rel=""nofollow"">Twitter Web Client</a>","GuillaumeHabar1",0,FALSE,FALSE,NA,NA
"262","👍an important step in the right direction to allow #Jordanian goods access the #EU single market attract investment… https://t.co/h6h7hXkVCl",FALSE,1,NA,2018-12-17 16:56:48,TRUE,NA,"1074710011358646272",NA,"<a href=""http://twitter.com/download/android"" rel=""nofollow"">Twitter for Android</a>","RamziMaaytah",0,FALSE,FALSE,NA,NA
"263","#EU -#Kosovo meeting, @haradinajramush does not scrap the #tax on #Serb goods #EuropeanUnion #Serbia #Economy… https://t.co/ruEAUoQHRS",FALSE,0,NA,2018-12-17 16:26:10,TRUE,NA,"1074702301976293376",NA,"<a href=""http://twitter.com"" rel=""nofollow"">Twitter Web Client</a>","IBalkanNA",0,FALSE,FALSE,NA,NA
"264","#usd #euro #eu #forex #price #market #currencies #currency #jpy #gbp #tradingprice #inforex #economy #trading… https://t.co/6lRl5RnKJp",FALSE,0,NA,2018-12-17 15:53:07,TRUE,NA,"1074693985946488832",NA,"<a href=""https://www.hootsuite.com"" rel=""nofollow"">Hootsuite Inc.</a>","dttespanol",0,FALSE,FALSE,NA,NA
"265","RT @Time4TruthNews: Analysis: In democracies' political chaos, new model emerges Macron urges calm; Paris police brace for more violence #Y…",FALSE,0,NA,2018-12-17 15:45:02,FALSE,NA,"1074691949431611392",NA,"<a href=""http://twitter.com"" rel=""nofollow"">Twitter Web Client</a>","albertsdav",2,TRUE,FALSE,NA,NA
"266","Labour MP discusses second Brexit vote with minister https://t.co/rYmtnatuVX
#Brexit #UK #EU #Scotland #NI #Wales… https://t.co/3WEQP4AuHi",FALSE,0,NA,2018-12-17 15:19:51,TRUE,NA,"1074685613666783232",NA,"<a href=""http://twitter.com"" rel=""nofollow"">Twitter Web Client</a>","ChuckDalldorf",0,FALSE,FALSE,NA,NA
"267","Experts quantified the distance which separate #Belarus #economy from that of the #EU &amp; estimated risks &amp; chances f… https://t.co/9B77xaDAMK",FALSE,0,NA,2018-12-17 15:11:51,TRUE,NA,"1074683600791068673",NA,"<a href=""http://twitter.com/download/iphone"" rel=""nofollow"">Twitter for iPhone</a>","KasBelarus",0,FALSE,FALSE,NA,NA
"268","Brexit: David Cameron 'advising Theresa May on options' if deal rejected https://t.co/OxCafMkYZU
#Brexit #UK #EU… https://t.co/bYxOxbtNzf",FALSE,0,NA,2018-12-17 15:09:26,TRUE,NA,"1074682992365191169",NA,"<a href=""http://twitter.com"" rel=""nofollow"">Twitter Web Client</a>","ChuckDalldorf",0,FALSE,FALSE,NA,NA
"269","New EU referendum would break faith with Britons, May to warn MPs https://t.co/fuNrhOL4wQ
#Brexit #UK #EU #Scotland… https://t.co/uwPiO2PYiz",FALSE,0,NA,2018-12-17 15:08:49,TRUE,NA,"1074682835842154496",NA,"<a href=""http://twitter.com"" rel=""nofollow"">Twitter Web Client</a>","ChuckDalldorf",0,FALSE,FALSE,NA,NA
"270","Delay to Brexit if UK wants new deal, says Irish minister https://t.co/eH2R16BYyq
#Brexit #UK #EU #Scotland #NI… https://t.co/XuVrn0My9L",FALSE,0,NA,2018-12-17 15:08:20,TRUE,NA,"1074682713536229377",NA,"<a href=""http://twitter.com"" rel=""nofollow"">Twitter Web Client</a>","ChuckDalldorf",0,FALSE,FALSE,NA,NA
"271","RT @Time4TruthNews: Analysis: In democracies' political chaos, new model emerges Macron urges calm; Paris police brace for more violence #Y…",FALSE,0,NA,2018-12-17 14:48:27,FALSE,NA,"1074677710050463744",NA,"<a href=""http://twitter.com"" rel=""nofollow"">Twitter Web Client</a>","HelenaHarris_",2,TRUE,FALSE,NA,NA
"272","#usd #euro #eu #forex #price #market #currencies #currency #jpy #gbp #tradingprice #inforex #economy #trading… https://t.co/q2J6g5AvN9",FALSE,0,NA,2018-12-17 14:47:00,TRUE,NA,"1074677345024466944",NA,"<a href=""https://www.hootsuite.com"" rel=""nofollow"">Hootsuite Inc.</a>","globaldtt",0,FALSE,FALSE,NA,NA
"273","With (enhanced) risks posed to #Geo-#Political/#Economy &amp; #Trade Scenario, due to any (continued) #Brexit uncertain… https://t.co/H4Ccpx6HHA",FALSE,0,NA,2018-12-17 05:35:17,TRUE,NA,"1074538501075431424",NA,"<a href=""http://twitter.com"" rel=""nofollow"">Twitter Web Client</a>","MuraliAdhitya",0,FALSE,FALSE,NA,NA
